domain,logo,label,error
ask.com,https://www.ask.com/wp-content/uploads/sites/3/2021/10/ask-favicon.png,JSONLD_LOGO_FOUND,
shopify.com,https://cdn.shopify.com/shopifycloud/brochure/assets/brand-assets/shopify-logo-primary-logo-456baa801ee66a0a435671082365958316831c9960c480451dd0330bcdae304f.svg,JSONLD_LOGO_FOUND,
twitter.com,,FAILURE,"0, message='', url=URL('https://twitter.com')"
surveymonkey.com,https://prod.smassets.net/assets/static/images/surveymonkey/surveymonkey-seo-logo.png,JSONLD_LOGO_FOUND,
bing.com,https://bing.com/sa/simg/favicon-trans-bg-blue-mg-png.png,FAVICON_FOUND,
comcast.com,,FAILURE,"Cannot connect to host comcast.com:443 ssl:False [Connect call failed ('96.99.227.0', 443)]"
facebook.com,https://static.xx.fbcdn.net/rsrc.php/y1/r/4lCu2zih0ca.svg,JSONLD_LOGO_FOUND,
aol.com,https://s.aolcdn.com/images/dims,JSONLD_LOGO_FOUND,
lg.com,https://lg.com/content/dam/lge/common/logo/logo-lg-100-44.svg,JSONLD_LOGO_FOUND,
conduit.com,,FAILURE,"Cannot connect to host conduit.com:443 ssl:False [nodename nor servname provided, or not known]"
go.com,https://lumiere-a.akamaihd.net/v1/images/nav_logo_2x-25d10ad375dd_13be4150.png,JSONLD_LOGO_FOUND,
att.com,https://www.att.com/ecms/dam/att/consumer/global/logos/att_globe_500x500.jpg,JSONLD_LOGO_FOUND,
mediaplex.com,,FAILURE,"Cannot connect to host mediaplex.com:443 ssl:False [Connect call failed ('159.127.40.163', 443)]"
wix.com,"https://static.wixstatic.com/media/9ab0d1_2ff5ca18550e405ea1844e52afaff120~mv2.jpg/v1/fill/w_333,h_154,al_c,lg_1,q_80,enc_auto/Wix%20logo%20white%20BG.jpg",JSONLD_LOGO_FOUND,
about.com,https://images.prismic.io/ddhomepage/a7bff2a7-62ef-435f-b0d3-2a4b48c4326b_dotdash-meredith-logo.jpg,JSONLD_LOGO_FOUND,
dish.com,https://dish.com/content/dam/dish/navelements/dishLogo.svg,JSONLD_LOGO_FOUND,
hubspot.com,https://www.hubspot.com/hubfs/HubSpot_Logos/HubSpot-Inversed-Favicon.png,FAVICON_FOUND,
zoho.com,https://www.zohowebstatic.com/sites/zweb/images/ogimage/zoho-logo.png,JSONLD_LOGO_FOUND,
shareasale.com,https://localhost:3000:3000/share-sale/wp-content/uploads/2018/07/footer-logos.png,JSONLD_LOGO_FOUND,
webs.com,https://cms.cloudinary.vpsvc.com/image/upload/f_auto/q_auto/v1732610556/digital/partners/wix/PDP-C%20New%20Design/Vista-Wix-dark_2.png,JSONLD_LOGO_FOUND,
hostgator.com,https://hostgator.com/hg_files/favicon-32x32.png,FAVICON_FOUND,
bizrate.com,https://bizrate.com/static/br3/images/br-logo-120x120.png,JSONLD_LOGO_FOUND,
box.com,https://cdn03.boxcdn.net/sites/default/files/box_default_og_sharing_image/box-social.jpg,FAVICON_FOUND,
blackberry.com,https://blackberry.com/content/dam/bbcomv4/blackberry-com/en/homepage/secure-communications-logo-april-25.webp,JSONLD_LOGO_FOUND,
qualcomm.com,https://qualcomm.com/etc.clientlibs/qcomm-martech/clientlibs/clientlib-react/resources/favicon/qualcomm/favicon.png,FAVICON_FOUND,
spokeo.com,https://www.spokeo.com/assets/v10/shared/spokeo_logo.png,JSONLD_LOGO_FOUND,
exacttarget.com,https://wp.sfdcdigital.com/en-us/wp-content/uploads/sites/4/2023/06/logo-marketing-productdetail-product-portfolio-2.png,JSONLD_LOGO_FOUND,
rackspace.com,https://www.rackspace.com/sites/default/files/rxt_partner_logos/Rackspace-Partnerships-and-Analyst-Recognitions-2_1.png,JSONLD_LOGO_FOUND,
verticalresponse.com,https://verticalresponse.com/wp-content/uploads/2021/03/VRLogoTag.2C.png,JSONLD_LOGO_FOUND,
spiceworks.com,https://images.spiceworks.com/wp-content/uploads/2022/11/10090900/spiceworkslogo.png,JSONLD_LOGO_FOUND,
reachlocal.com,https://localiq.com/wp-content/uploads/2024/09/LocaliQ-logo-square-yoast.png,JSONLD_LOGO_FOUND,
webex.com,https://webex.com/content/dam/www/us/en/images/home/cisco_ai_assistant_icon.gif,JSONLD_LOGO_FOUND,
alot.com,https://alot.com/assets/img/Alot/favicon.ico,FAVICON_FOUND,
virginmobileusa.com,,FAILURE,"Cannot connect to host virginmobileusa.com:443 ssl:False [nodename nor servname provided, or not known]"
zagg.com,https://cdn11.bigcommerce.com/s-uv4dd6xvbk/images/stencil/original/zagg-logo-3x_1720645208__33925.original.png,JSONLD_LOGO_FOUND,
bigcommerce.com,https://www-cdn.bigcommerce.com/assets/logos/bc-logo-dark.svg,JSONLD_LOGO_FOUND,
otterbox.com,https://www.otterbox.com/on/demandware.static/Sites-ob_us-Site/-/en_US/v1748527263620/images/logo.png,JSONLD_LOGO_FOUND,
formstack.com,https://www.formstack.com/images/formstack-logo.svg,JSONLD_LOGO_FOUND,
jawbone.com,http://static1.squarespace.com/static/5c86c2f47eb88c1bb558b38e/t/5c86d0000852293752f1f113/1552338947641/jawbone_logo_black-01.jpg,JSONLD_LOGO_FOUND,
avaya.com,https://avaya.com/content/experience-fragments/aem-avaya-portal/locale-sites/en_us/site/footer/master/_jcr_content/root/container_417708932/container/image_copy.coreimg.jpeg/1746095182466/avaya-red-logo-600x300.jpeg,JSONLD_LOGO_FOUND,
nokia.com,https://www.nokia.com/themes/custom/onenokia_reskin/logo.svg,JSONLD_LOGO_FOUND,
icontact.com,https://www.icontact.com/wp-content/uploads/2024/05/icontact-messagebuilder-for-salesforce.png,JSONLD_LOGO_FOUND,
univision.com,https://st1.uvnimg.com/c1/e7/b418a1da4dc8868294190bfb047e/logo-univision.png,JSONLD_LOGO_FOUND,
ringcentral.com,https://www.ringcentral.com/content/dam/rc-www/en_us/images/ringcentral-logo.png,JSONLD_LOGO_FOUND,
8x8.com,https://cpaas.8x8.com/wp-content/uploads/2024/05/Icon-1.png,JSONLD_LOGO_FOUND,
business.com,https://www.business.com/images/branding/logos/block_monogram_navy.jpg,JSONLD_LOGO_FOUND,
ning.com,https://static.ning.com/macallan/wp-content/themes/ning/assets/img/ui/logo_b.png,JSONLD_LOGO_FOUND,
paltalk.com,https://paltalk.com/sites/all/themes/ptcom/img/logo_Trustpilot.svg,JSONLD_LOGO_FOUND,
mycricket.com,https://www.cricketwireless.com/uiassets/cricketwirelesslogo.jpg,JSONLD_LOGO_FOUND,
atdmt.com,,FAILURE,"Cannot connect to host atdmt.com:443 ssl:False [nodename nor servname provided, or not known]"
marinsoftware.com,https://cdn.prod.website-files.com/60ffbc3a211dee0d1874db96/64c96560c6f45be12aedb3f5_The_Sharper_Image-logo-white.svg,JSONLD_LOGO_FOUND,
riverbed.com,https://riverbed.com/riverbed-wp-content/uploads/2023/10/RVBD_KO_Logo_696x696.png,JSONLD_LOGO_FOUND,
bluejeans.com,,FAILURE,"Cannot connect to host bluejeans.com:443 ssl:False [nodename nor servname provided, or not known]"
directv.com,,FAILURE,
animoto.com,https://cdn.sanity.io/images/xcatvyn0/production/c46908ba92d121a390cdeeef240d17e5b70f964e-145x31.svg,JSONLD_LOGO_FOUND,
rebtel.com,https://rebtel.imgix.net/upload/v2/logo/rebtel-logo-fb.png,JSONLD_LOGO_FOUND,
mail.com,https://s.uicdn.com/mailint/10.48.0/assets/favicon.ico,FAVICON_FOUND,
mimecast.com,https://assets.mimecast.com/api/public/content/aac7c7d3363d4892b9f909aa59250d04,JSONLD_LOGO_FOUND,
megapath.com,,FAILURE,Cannot connect to host megapath.com:443 ssl:False [[SSL: DH_KEY_TOO_SMALL] dh key too small (_ssl.c:1006)]
bmc.com,,FAILURE,"Cannot connect to host bmc.com:443 ssl:False [Connect call failed ('204.74.99.100', 443)]"
neat.com,https://neat.com/_next/image,JSONLD_LOGO_FOUND,
rdio.com,,FAILURE,"Cannot connect to host rdio.com:443 ssl:False [nodename nor servname provided, or not known]"
swagbucks.com,https://static.prdg.io/dist-non-modules/images/favicon-16x16.e3a12f98b3294d7a4fa8.png,FAVICON_FOUND,
centurylink.com,,FAILURE,
skype.com,,FAILURE,
aweber.com,https://assets.aweber-static.com/www/assets/img/aw-logo.png,JSONLD_LOGO_FOUND,
weebly.com,https://cdn2.editmysite.com/images/logos/Blue-Logomark2.png,JSONLD_LOGO_FOUND,
naver.com,https://s.pstatic.net/static/www/nFavicon96.png,FAVICON_FOUND,
sproutsocial.com,https://brandfolder.sproutsocial.com/VXTUTVL1/at/8vwz9b7w83rhgfc8xvm8t8/lgo_sprout_lockup.png,JSONLD_LOGO_FOUND,
register.com,https://www.register.com/content/dam/register/favicons/apple-icon-precomposed.png,FAVICON_FOUND,
boingo.com,https://www.boingo.com/wp-content/themes/boingo-2019/img/boingo_logo.svg,JSONLD_LOGO_FOUND,
vpweb.com,https://cms.cloudinary.vpsvc.com/image/upload/f_auto/q_auto/v1732610556/digital/partners/wix/PDP-C%20New%20Design/Vista-Wix-dark_2.png,JSONLD_LOGO_FOUND,
1and1.com,https://www.ionos.com/modules/frontend-skin-thunder/img/components/header/vi-logo.png,JSONLD_LOGO_FOUND,
about.me,https://about.me/s3/h/favicon/favicon_180.60004a0b.png,FAVICON_FOUND,
live.com,https://www.microsoft.com/favicon.ico,FAVICON_FOUND,
sugarsync.com,https://sugarsync.com/assets/img/logos/bloomberg-710e916bfb.svg,JSONLD_LOGO_FOUND,
tradedoubler.com,"https://static.wixstatic.com/media/0241cd_a42b30e5d76a40659e9b77174a15a7c7~mv2.png/v1/crop/x_0,y_13,w_2400,h_2387/fill/w_52,h_52,al_c,q_85,usm_0.66_1.00_0.01,blur_3,enc_avif,quality_auto/hewlett-packard-logo-black-and-white.png",JSONLD_LOGO_FOUND,
nextiva.com,"https://www.nextiva.com/cdn-cgi/image/width=154,height=45,fit=cover,gravity=auto,format=auto/wp-content/uploads/2024/11/nextiva-logo.png",JSONLD_LOGO_FOUND,
dishnetwork.com,https://dish.com/content/dam/dish/navelements/dishLogo.svg,JSONLD_LOGO_FOUND,
efax.com,https://www.efax.com/wp-content/uploads/2024/03/eFax-logo.svg,JSONLD_LOGO_FOUND,
one.com,https://webapps.group-cdn.one/cdn-one/images/global/favicon/120.png,FAVICON_FOUND,
fonality.com,https://sangoma.com/wp-content/uploads/2024/05/cropped-favicon-192x192.png,FAVICON_FOUND,
mylife.com,,FAILURE,
teamtreehouse.com,https://ecs-static.teamtreehouse.com/assets/views/marketing/home/logos/mailchimplogo-b076f6f70eef0a04487ac359bb5ac946909a030629549bd83338e9b15d0309cb.png,JSONLD_LOGO_FOUND,
readytalk.com,https://www.readytalk.com/wp-content/uploads/2024/04/Readytalk_Logo_svg.svg,JSONLD_LOGO_FOUND,
kudzu.com,,FAILURE,"Cannot connect to host kudzu.com:443 ssl:False [nodename nor servname provided, or not known]"
zinio.com,https://admin-project-assets.ziniopro.com/99/20190516161716-Zinio_WebTopNavLogo.png,JSONLD_LOGO_FOUND,
ifbyphone.com,https://cdn.prod.website-files.com/5d82e225060d003d65ddae98/60a6cc41312729f2e1360120_invoca-glyph.png,FAVICON_FOUND,
semrush.com,https://www.semrush.com/__static__/semrush-logo-700.jpg,JSONLD_LOGO_FOUND,
altova.com,https://www.altova.com/images/logo.png,JSONLD_LOGO_FOUND,
android.com,https://lh3.googleusercontent.com/WyC9P3QnQMmIqp9TF5kJbNZxyX8SMhOtW9crxuClnYVeKMSPmf6qHLywz5dV0iu3SuJV_zbZlPlAIX535d5P8ht0AdHxFSfJiG3JjI1AXQ2dXpxT4g=rwa-e366-v1,JSONLD_LOGO_FOUND,
compete.com,https://files.efty.com/market/uploads/smartlanders/f1c7854c36f014676ea28fb3fc2cb56f_fav.png,FAVICON_FOUND,
jimdo.com,https://jimdo.com/icons/favicon-32x32.png,FAVICON_FOUND,
twilio.com,https://www.twilio.com/content/dam/twilio-com/core-assets/customer-logos/t-z/twilio.svg,JSONLD_LOGO_FOUND,
baidu.com,,FAILURE,
3dcart.com,https://www.shift4shop.com/images/logo.png,JSONLD_LOGO_FOUND,
headsets.com,https://cdn.shopify.com/s/files/1/0553/3171/7282/files/headsets_logo_amz.jpg,JSONLD_LOGO_FOUND,
hostway.com,https://hostway.com/wp-content/uploads/2021/03/Logo.png,JSONLD_LOGO_FOUND,
actonsoftware.com,https://act-on.com/wp-content/uploads/2020/05/act-on-logo.svg,JSONLD_LOGO_FOUND,
templatemonster.com,https://s.tmimgcdn.com/wp-content/uploads/2016/05/logo_tm_new.svg,JSONLD_LOGO_FOUND,
gazelle.com,https://buy.gazelle.com/cdn/shop/files/Gazelle_straight_R_color_RGB.svg,JSONLD_LOGO_FOUND,
globo.com,https://s2-home-globo.glbimg.com/k00Yslsf_xi-rVf050hLWS6UjQU=/0x0:3001x1688/fit-in/515x290/middle/smart/filters:strip_icc():strip_exif()/i.s3.glbimg.com/v1/AUTH_59edd422c0c84a879bd37670ae4f538a/internal_photos/bs/2019/R/J/MuJip4RGuCfxAVFV3yag/podcasts-3000x1688-sem-logo-15.png,JSONLD_LOGO_FOUND,
wirefly.com,https://www.wirefly.com/sites/wirefly.com/themes/wirefly/images/logo.jpg,JSONLD_LOGO_FOUND,
verizon.net,,FAILURE,Cannot connect to host verizon.net:443 ssl:False [[SSL: TLSV1_ALERT_INTERNAL_ERROR] tlsv1 alert internal error (_ssl.c:1006)]
prana.com,https://www.prana.com/on/demandware.static/Sites-Prana_US-Site/-/-/images/logo-mask-1.svg,JSONLD_LOGO_FOUND,
newhaven.edu,https://newhaven.edu/_resources/images/_email/logos/unewhaven_stacked_logo_white.png,JSONLD_LOGO_FOUND,
houzz.com,https://www.houzz.com/res/29142555/pic/houzz_logo.svg,JSONLD_LOGO_FOUND,
phonepower.com,http://static2.phonepower.com/Images/voiphome/logoAmazon.gif,JSONLD_LOGO_FOUND,
bitly.com,https://docrdsfx76ssb.cloudfront.net/static/1747940496/pages/wp-content/uploads/2019/02/cropped-Logo_orange1.png,JSONLD_LOGO_FOUND,
infoblox.com,https://www.infoblox.com/wp-content/uploads/infoblox-logo-2.svg,JSONLD_LOGO_FOUND,
proofpoint.com,https://proofpoint.com/sites/default/files/misc/providence-health-services_black-cropped.svg,JSONLD_LOGO_FOUND,
rogers.com,https://www.rogers.com/app/prod/assets/i/logo.png,JSONLD_LOGO_FOUND,
rcn.com,https://rcn.com/wp-content/themes/astound/images/logos/logo-astound-white-vertical-rcn.png,JSONLD_LOGO_FOUND,
findmespot.com,https://findmespot.com/getmedia/7065a8ff-7a01-4f70-a69f-1444e4d9753f/logo_sportsmans_warehouse.png,JSONLD_LOGO_FOUND,
comm100.com,https://www.comm100.com/wp-content/uploads/2021/11/image/png/Comm100_Logo.jpg,JSONLD_LOGO_FOUND,
lifesize.com,https://www.enghousevideo.com/wp-content/uploads/2023/09/Enghouse-Video-stacked-color_trimmed-153x55-1.png,JSONLD_LOGO_FOUND,
toptenreviews.com,https://vanilla.futurecdn.net/toptenreviews/media/img/brand_logo.png,JSONLD_LOGO_FOUND,
onstar.com,https://onstar.com/content/dam/onstar/na/us/en/footer/01-images/new-images/03-images-updated/04-image-updated/cadillac-2dcrest-inv-rgb-600x400-shared.png,JSONLD_LOGO_FOUND,
pingdom.com,https://www.pingdom.com/wp-content/uploads/2023/07/SW_Logo_Division_Pingdom_Web_Orange.svg,JSONLD_LOGO_FOUND,
onecallnow.com,https://www.onsolve.com/wp-content/uploads/2021/03/OCN-Logo-Color-1.svg,JSONLD_LOGO_FOUND,
winegard.com,https://cdn11.bigcommerce.com/s-ltdyg0lu1n/images/stencil/250x63/winegard-logo_1631254366__84634.original.png,JSONLD_LOGO_FOUND,
quirky.com,https://quirky.com/wp-content/uploads/fbrfg/favicon-16x16.png,FAVICON_FOUND,
good.com,https://good.com/content/dam/bbcomv4/blackberry-com/en/homepage/secure-communications-logo-april-25.webp,JSONLD_LOGO_FOUND,
box.net,https://cdn03.boxcdn.net/sites/default/files/box_default_og_sharing_image/box-social.jpg,FAVICON_FOUND,
niu.edu,https://www.niu.edu/masterto/themes/Theme_4_0/common/images/niu-reverse-logo.svg,JSONLD_LOGO_FOUND,
tinyurl.com,https://tinyurl.com/images/header/logo.svg,JSONLD_LOGO_FOUND,
livehelpnow.net,https://livehelpnow.net/wp-content/uploads/2021/07/logomark.svg,JSONLD_LOGO_FOUND,
mophie.com,https://www.mophie.com/cdn/shop/files/mophie-wordmark-white.png,JSONLD_LOGO_FOUND,
webnode.com,https://d1rv23qj5kas56.cloudfront.net/img/favicon/favicon-16.svg,FAVICON_FOUND,
ooma.com,https://www.ooma.com/wp-content/uploads/ooma-logo.png,JSONLD_LOGO_FOUND,
comcast.net,,FAILURE,"Cannot connect to host comcast.net:443 ssl:False [Connect call failed ('96.99.227.0', 443)]"
case-mate.com,https://case-mate.com/cdn/shop/files/CM_Logo_2020_Word_1_782x.png,JSONLD_LOGO_FOUND,
stumbleupon.com,https://stumbleupon.com/images/mix_logo_white.svg,JSONLD_LOGO_FOUND,
info.com,https://info.com/wp-content/themes/unified-infocom/logo.svg,JSONLD_LOGO_FOUND,
myfax.com,https://www.myfax.com/wp-content/uploads/2022/05/myfax_logo.svg,JSONLD_LOGO_FOUND,
gazeta.pl,https://static.im-g.pl/i/hp/logo/gazeta.png,JSONLD_LOGO_FOUND,
findthebest.com,,FAILURE,"Cannot connect to host findthebest.com:443 ssl:False [nodename nor servname provided, or not known]"
spigen.com,https://www.spigen.com/cdn/shop/files/logo-spigen.svg,JSONLD_LOGO_FOUND,
pgi.com,,FAILURE,"Cannot connect to host pgi.com:443 ssl:False [nodename nor servname provided, or not known]"
cellularoutfitter.com,https://cdn.shopify.com/s/files/1/2012/3181/files/CO-logo_2020_faaead6d-f35b-4171-b54f-a6537d55632c.png,JSONLD_LOGO_FOUND,
sonyentertainmentnetwork.com,,FAILURE,
ting.com,https://ting.com/static/images/logo-ting.svg,JSONLD_LOGO_FOUND,
trumpia.com,https://rs.trumpia.com/images/favicon32.png,FAVICON_FOUND,
meraki.com,https://meraki.cisco.com/wp-content/uploads/2020/04/cisco-meraki-og-logo-655x655.jpg,JSONLD_LOGO_FOUND,
myway.com,https://myway.com/static/logos/myway.com.svg,JSONLD_LOGO_FOUND,
3dissue.com,https://static.3dissue.com/images/logos/main.jpg,JSONLD_LOGO_FOUND,
ivillage.com,https://media-cldnry.s-nbcnews.com/image/upload/v1657223867/rockcms/2022-07/TODAY-Publisher-Logo-8226ca.svg,JSONLD_LOGO_FOUND,
mxtoolbox.com,https://mxtoolbox.com/public/favicon/apple-touch-icon.png,FAVICON_FOUND,
home.pl,https://cms-assets.home.pl/api/assets/home-pl/2803e858-61a7-44d0-b590-2fadf0085b1d/,JSONLD_LOGO_FOUND,
acquia.com,https://acquia.com/sites/default/files/media/image/2025-04/University%20of%20Colorado%20Colorado%20Springs%20Logo_Customer%20Story_Home%20Page.svg,JSONLD_LOGO_FOUND,
freeconferencecall.com,https://freeconferencecall.com/react-assets/logo192.png,FAVICON_FOUND,
inbox.com,https://www.inbox.com/images/logo.png,JSONLD_LOGO_FOUND,
sakura.ne.jp,https://sakura.ne.jp/assets/images/common/logo-corporate.svg,JSONLD_LOGO_FOUND,
intercall.com,,FAILURE,"Cannot connect to host intercall.com:443 ssl:False [nodename nor servname provided, or not known]"
nifty.com,https://nifty.com/images/molecules/point/niftypointclub_logo_20220915.png,JSONLD_LOGO_FOUND,
securepaynet.net,,FAILURE,Cannot connect to host securepaynet.net:443 ssl:False [[SSL: SSLV3_ALERT_HANDSHAKE_FAILURE] sslv3 alert handshake failure (_ssl.c:1006)]
tel3.com,,FAILURE,
italkbb.com,,FAILURE,[Errno 54] Connection reset by peer
motorolasolutions.com,https://www.motorolasolutions.com/content/dam/msi/assets/msisolutions2.png,JSONLD_LOGO_FOUND,
thenextweb.com,https://cdn0.tnwcdn.com/plus/img/tnw-brandmark.svg,JSONLD_LOGO_FOUND,
dogpile.com,https://dogpile.com/static/info.dogpile.com/favicon-32x32.png,FAVICON_FOUND,
cartoys.com,https://www.cartoys.com/cdn/shop/files/Layer_1.svg,JSONLD_LOGO_FOUND,
bluetooth.com,https://www.bluetooth.com/wp-content/uploads/2019/04/cropped-Bluetooth_FM_Color.png,JSONLD_LOGO_FOUND,
griffintechnology.com,https://incipio.com/cdn/shop/files/Incipio_9_2020_MAIN-LOGO_Large_1d9a004e-f9a6-4ac9-9030-b16a3cc22a8e.png,JSONLD_LOGO_FOUND,
safelinkwireless.com,,FAILURE,
webcrawler.com,,FAILURE,
viglink.com,https://www.sovrn.com/wp-content/plugins/webtoffee-gdpr-cookie-consent/public/images/logo-cookieyes.svg,JSONLD_LOGO_FOUND,
sedo.com,https://cdn.sedo.com/c7r/assets/static/images/icons/favicon-32x32.png,FAVICON_FOUND,
incredimail.com,,FAILURE,Cannot connect to host incredimail.com:443 ssl:False [[SSL: TLSV1_ALERT_INTERNAL_ERROR] tlsv1 alert internal error (_ssl.c:1006)]
zimbra.com,https://www.zimbra.com/wp-content/uploads/2023/07/logo_white.png,JSONLD_LOGO_FOUND,
123contactform.com,https://www.123formbuilder.com/wp-content/uploads/2021/10/cropped-123FormBuilder-logo-27px@2x.png,JSONLD_LOGO_FOUND,
mywebsearch.com,https://www.mywebsearch.com/wp-content/uploads/sites/142/2025/04/mywebsearch.com_.svg,JSONLD_LOGO_FOUND,
credomobile.com,https://www.credomobile.com/wp-content/uploads/2022/02/logo.png,JSONLD_LOGO_FOUND,
internap.com,,FAILURE,
consolidated.com,,FAILURE,
cchgroup.com,https://cdn.wolterskluwer.io/wk/fundamentals/1.15.2/logo/assets/white-medium.svg,JSONLD_LOGO_FOUND,
lingo.com,https://www.lingo.com/wp-content/uploads/2023/04/Lingo-Logo-Co-brand-Transparent-Background.png,JSONLD_LOGO_FOUND,
adblade.com,https://adblade.com/images/design/adblade/logo.png,JSONLD_LOGO_FOUND,
phone.com,https://www.phone.com/wp-content/uploads/2022/05/phone_dot_com_OG_image.png,JSONLD_LOGO_FOUND,
dealtime.com,,FAILURE,
ucoz.com,https://ucoz.com/ucoz/v3/images/logo-ukit.png,JSONLD_LOGO_FOUND,
scorebig.com,https://www.scorebig.com/images/social-share-logo.png,JSONLD_LOGO_FOUND,
marchex.com,https://www.marchex.com/wp-content/themes/marchex/images/favicon.png,FAVICON_FOUND,
vodafone.com,https://vodafone.com/favicon/apple-touch-icon.png,FAVICON_FOUND,
brighttalk.com,https://assets.brighttalk.com/images/bt-it-logo.png,JSONLD_LOGO_FOUND,
soluto.com,https://images.ctfassets.net/16nm6vz43ids/vBQLyeP24huELLAdUjLvY/fab51f7acae51c60cc2837c23d655917/schema-asurion-logo.svg,JSONLD_LOGO_FOUND,
freewebs.com,https://cms.cloudinary.vpsvc.com/image/upload/f_auto/q_auto/v1732610556/digital/partners/wix/PDP-C%20New%20Design/Vista-Wix-dark_2.png,JSONLD_LOGO_FOUND,
softlayer.com,,FAILURE,
benchmarkemail.com,https://www.benchmarkemail.com/wp-content/uploads/2024/08/bme-logo-dark.webp,JSONLD_LOGO_FOUND,
cakemail.com,https://assets.website-files.com/607471236424c7aca15441e9/626f1d06ba1d9565e7bc61db_cakemail-wordmark%403x.png,JSONLD_LOGO_FOUND,
buuteeq.com,,FAILURE,"Cannot connect to host buuteeq.com:443 ssl:False [nodename nor servname provided, or not known]"
ebizautos.com,https://www.ebizautos.com/wp-content/uploads/2019/10/logo-ebizautos-dark.png,JSONLD_LOGO_FOUND,
liferay.com,https://www.liferay.com/o/dialect-theme/images/favicon.ico,FAVICON_FOUND,
unitrends.com,https://www.unitrends.com//favicon.png,FAVICON_FOUND,
mailjet.com,https://images.ctfassets.net/y6oq7udscnj8/34r8FUOtvd8lXdEDteTxSG/b38a5e52f36a4e5835d325bec79c4ddf/MJ-Icon.png,JSONLD_LOGO_FOUND,
demandbase.com,https://www.demandbase.com/wp-content/uploads/2024/09/img_cc_award_logo_general_2024_400px-e1726434200896.png,JSONLD_LOGO_FOUND,
thrillist.com,https://assets3.thrillist.com/v1/image/2869236,JSONLD_LOGO_FOUND,
grasshopper.com,https://logmeincdn.blob.core.windows.net/grasshoppermedia/2024-04-12--155330/images/logos/sticky-header.png,JSONLD_LOGO_FOUND,
012global.com,https://012global.com/SlicesCache/globusimLogo2.png,JSONLD_LOGO_FOUND,
digicelgroup.com,https://digicelgroup.com/en,JSONLD_LOGO_FOUND,
vibe.com,https://www.vibe.com/wp-content/themes/vip/pmc-vibe-2021/assets/build/svg/vibe-black.svg,JSONLD_LOGO_FOUND,
brighthouse.com,,FAILURE,
singtel.com,https://cdn1.singteldigital.com/content/dam/singtel/online-draft/singtel_logo_coloured.png,JSONLD_LOGO_FOUND,
localedge.com,https://localedge.com/images/logo.png,JSONLD_LOGO_FOUND,
payloadz.com,https://payloadz.com/landing/images/logo-s1-dark-2.png,JSONLD_LOGO_FOUND,
biznessapps.com,https://www.biznessapps.com/wp-content/uploads/2024/12/instantcasino_animated.svg,JSONLD_LOGO_FOUND,
chitika.com,https://www.chitika.com/content/images/2025/01/Untitled-design--49-.png,JSONLD_LOGO_FOUND,
solidsignal.com,https://www.solidsignal.com/images/solid-signal-logo.png,JSONLD_LOGO_FOUND,
twcbc.com,,FAILURE,"Cannot connect to host twcbc.com:443 ssl:False [nodename nor servname provided, or not known]"
dialmycalls.com,https://www.dialmycalls.com/wp-content/uploads/2023/07/DMCLogo-Square.png,JSONLD_LOGO_FOUND,
engadget.com,https://s.yimg.com/kw/assets/engadget-amp-proposed.png,JSONLD_LOGO_FOUND,
telstra.com.au,https://www.telstra.com.au/content/dam/tcom/lego/logo/telstra-logo-656x370.png,JSONLD_LOGO_FOUND,
kentico.com,https://res.cloudinary.com/xperience-io/image/upload/v1657635730/kentico-logo-2022_fpmnun.png,JSONLD_LOGO_FOUND,
lyris.com,,FAILURE,"Cannot connect to host lyris.com:443 ssl:False [Connect call failed ('208.66.205.223', 443)]"
vanillaforums.com,https://vanilla.higherlogic.com/wp-content/uploads/2023/08/HigherLogic_logo_stacked.png,JSONLD_LOGO_FOUND,
sailthru.com,https://localhost/content/uploads/2020/08/Sailthru_Logo_dark.png,JSONLD_LOGO_FOUND,
qq.com,https://mat1.gtimg.com/qqcdn/qqindex2021/favicon.ico,FAVICON_FOUND,
sapo.pt,https://homepagept.web.sapo.io/assets/img/homepage-sapo/logo-01.png,JSONLD_LOGO_FOUND,
listrak.com,https://cdn.prod.website-files.com/61605d613e0aad4dba52251e/61605d613e0aad2bca52290f_5db09f84c97e945186344d3d_ESPC%20light%20Grey%20400.png,JSONLD_LOGO_FOUND,
wistia.com,https://wistia.com/reno_static/images/showcaseLogos/googleanalytics.svg,JSONLD_LOGO_FOUND,
99designs.com,https://99designs.com.sg/og-image.png,JSONLD_LOGO_FOUND,
wirelessemporium.com,https://wirelessemporium.com/wp-content/uploads/2024/11/WirelessEmporium.com-Logo-1.webp,JSONLD_LOGO_FOUND,
ciena.com,https://www.ciena.com/__data/assets/git_bridge/0015/101616/build/images/logo_light.svg,JSONLD_LOGO_FOUND,
appboy.com,https://appboy.com/_next/image,JSONLD_LOGO_FOUND,
att.jobs,,FAILURE,"0, message='', url=URL('https://www.att.jobs')"
epaperflip.com,,FAILURE,"Cannot connect to host epaperflip.com:443 ssl:False [nodename nor servname provided, or not known]"
findtherightjob.com,,FAILURE,
wordstream.com,https://www.wordstream.com/wp-content/uploads/2024/10/WordStream-logo-square-yoast.png,JSONLD_LOGO_FOUND,
smtp.com,https://www.smtp.com/wp-content/uploads/2020/11/smtp-logo-fav-32x32-1.png,FAVICON_FOUND,
urbanairship.com,https://www.airship.com/wp-content/uploads/2023/10/Logo-OneFootball-MLF-London-v2.png,JSONLD_LOGO_FOUND,
truphone.com,https://www.datocms-assets.com/50740/1629889302-favicon.png,FAVICON_FOUND,
hellodirect.com,https://www.hellodirect.com/scs/img/HDI-Logo-for-NS-320x68-retina-updated-02192019.png,JSONLD_LOGO_FOUND,
vtechphones.com,https://vtechphones.com/themes/icons/favicon-32x32.png,FAVICON_FOUND,
modaoperandi.com,https://modaoperandi.com/dist/public/moda_logo.svg,JSONLD_LOGO_FOUND,
whatsupgold.com,https://d34smkdb128qfi.cloudfront.net/images/librariesprovider2/blogs/2013/03/progress-whatsup-gold.png,JSONLD_LOGO_FOUND,
virginmedia.com,https://prod.ctassets.virginmedia.com/uploads/VM_Logo_White_optimised_large_8314779544.png,JSONLD_LOGO_FOUND,
air-watch.com,https://www.omnissa.com/omnissa-logo.svg,JSONLD_LOGO_FOUND,
broadvoice.com,,FAILURE,'utf-8' codec can't decode byte 0xed in position 164306: invalid continuation byte
adknowledge.com,,FAILURE,"Cannot connect to host adknowledge.com:443 ssl:False [nodename nor servname provided, or not known]"
myemma.com,https://myemma.com/wp-content/uploads/2022/05/emma_email_marketing.jpg,JSONLD_LOGO_FOUND,
cloudera.com,https://www.cloudera.com/content/dam/www/marketing/images/logos/cloudera/cloudera-new-logo.png,JSONLD_LOGO_FOUND,
gmx.com,https://s.uicdn.com/mailint/10.48.0/assets/meta-ref_gmxcom.png,FAVICON_FOUND,
geotrust.com,https://geotrust.com/content/dam/geotrust/images/navigation/header/GeoTrustLogo.svg,JSONLD_LOGO_FOUND,
appsumo.com,https://appsumo2nuxt-cdn.appsumo.com/as-appsumo-logo-dark.svg,JSONLD_LOGO_FOUND,
janus.com,https://www.janushenderson.com/wp-content/uploads/sites/4/JanusHenderson_Logo_4140_Slate.svg,JSONLD_LOGO_FOUND,
gogoair.com,https://gogoair.com/getmedia/bd9c4839-dd90-4e00-919d-f2890d793c30/gogo-sd-logo.png,JSONLD_LOGO_FOUND,
equinix.com,https://equinix.com/content/experience-fragments/eqxcorp/en_us/header-standard/master/_jcr_content/root/header/logo.coreimg.png/1619420806795/logo.png,JSONLD_LOGO_FOUND,
speakeasy.net,,FAILURE,Cannot connect to host speakeasy.net:443 ssl:False [[SSL: DH_KEY_TOO_SMALL] dh key too small (_ssl.c:1006)]
polycom.com,,FAILURE,
test.com,,FAILURE,
whitefence.com,,FAILURE,"Cannot connect to host whitefence.com:443 ssl:False [nodename nor servname provided, or not known]"
godatafeed.com,https://cdn.prod.website-files.com/5c6f0fe189c3683ca571d70a/65f767c3b0e037bb332c1db4_peets%20coffee%20product%20feeds.webp,JSONLD_LOGO_FOUND,
clicksor.com,https://img.weitt.us/web_static/assets/yp_free/img/logo.png,JSONLD_LOGO_FOUND,
so-net.ne.jp,https://so-net.ne.jp/assets/images/footer/logo-isms.png,JSONLD_LOGO_FOUND,
clickability.com,,FAILURE,"Cannot connect to host clickability.com:443 ssl:False [nodename nor servname provided, or not known]"
cio.com,https://www.cio.com/wp-content/themes/cio-b2b-child-theme/src/static/img/favicon.ico,FAVICON_FOUND,
citymax.com,https://citymax.com/r/wd_host_content/1/templates/149/page2b_2blue_citymax_logo.png,JSONLD_LOGO_FOUND,
singlehop.com,,FAILURE,Cannot connect to host singlehop.com:443 ssl:False [[SSL: SSLV3_ALERT_HANDSHAKE_FAILURE] sslv3 alert handshake failure (_ssl.c:1006)]
datapipe.com,https://www.rackspace.com/sites/default/files/rxt_partner_logos/Rackspace-Partnerships-and-Analyst-Recognitions-2_1.png,JSONLD_LOGO_FOUND,
me.com,https://me.com/favicon-32x32.png,FAVICON_FOUND,
vzwshop.com,,FAILURE,"Cannot connect to host vzwshop.com:443 ssl:False [nodename nor servname provided, or not known]"
iweb.com,https://iweb.com/assets/favicon.ico,FAVICON_FOUND,
att.net,https://s.yimg.com/cv/ae/att/portal/common/i/favicon_1.ico,FAVICON_FOUND,
411.ca,https://s3.amazonaws.com/ui.411.ca/signature/411logo.png,JSONLD_LOGO_FOUND,
moonfruit.com,https://moonfruit.com/wp-content/uploads/2024/09/Moonfruit-Logo.png,JSONLD_LOGO_FOUND,
idrive.com,https://static.idriveonlinebackup.com/include/images/favicon.ico,FAVICON_FOUND,
sherweb.com,https://www.sherweb.com/files/uploads/2020/05/favicon.ico,JSONLD_LOGO_FOUND,
digium.com,https://sangoma.com/wp-content/uploads/2024/05/cropped-favicon-192x192.png,FAVICON_FOUND,
mashery.com,https://boomi.com/wp-content/uploads/American-Cancer-Society-Menu-Case-Study-Logo.svg,JSONLD_LOGO_FOUND,
ntt.com,https://www.ntt.com/content/dam/nttcom/hq/cmn/img/logo-ogp-1200-630_w.png,JSONLD_LOGO_FOUND,
bandwidth.com,https://bw-mkt-wp-website.s3.us-east-2.amazonaws.com/wp-content/uploads/20250314110914/Logo_Microsoft-Teams-White.svg,JSONLD_LOGO_FOUND,
consumer-rankings.com,https://www.consumer-rankings.com/wp-content/uploads/2014/09/matchlogo.jpg,JSONLD_LOGO_FOUND,
imation.com,,FAILURE,"Cannot connect to host imation.com:443 ssl:False [Connect call failed ('52.231.9.51', 443)]"
t-online.de,https://www.t-online.de/s/paper/_next/static/media/t-online-mobile.d3c5d542.svg,JSONLD_LOGO_FOUND,
conductor.com,https://cdn.sanity.io/images/tkl0o0xu/production/aefd162d32a9ba2aca1626ee88278f783e239c69-220x50.svg,JSONLD_LOGO_FOUND,
yahoo.net,https://s.yimg.com/cv/apiv2/social/images/yahoo_default_logo.png,JSONLD_LOGO_FOUND,
discounttwo-wayradio.com,https://discounttwo-wayradio.com/wp-content/uploads/2021/11/discount-two-way-radio.png,JSONLD_LOGO_FOUND,
mixpanel.com,,FAILURE,"0, message='', url=URL('https://mixpanel.com')"
unbounce.com,"https://sp-ao.shortpixel.ai/client/to_webp,q_lossless,ret_img,w_192,h_192/https://unbounce.com/photos/cropped-unbounce-favicon-2-192x192.png",FAVICON_FOUND,
list-manage.com,,FAILURE,
aerohive.com,,FAILURE,"Cannot connect to host aerohive.com:443 ssl:False [nodename nor servname provided, or not known]"
infinitydish.com,https://www.infinitydish.com/wp-content/uploads/2021/02/dishLogoAuthorizedRetailerWhite.png,JSONLD_LOGO_FOUND,
echodesign.com,https://echonewyork.com/cdn/shop/files/Header-logo.jpg,JSONLD_LOGO_FOUND,
mocospace.com,https://cdn-img.mocospace.com/static/r263742/favicon-16x16.png,FAVICON_FOUND,
digitalchocolate.com,https://market.domain360.com/images/favicon-32x32.png,FAVICON_FOUND,
talktalk.co.uk,https://talktalk.co.uk/assets/images/talktalk-logo.svg,JSONLD_LOGO_FOUND,
netvibes.com,https://netvibes.com/css/base/img/home/white/logo_netvibes@2x.png,JSONLD_LOGO_FOUND,
directtrack.com,,FAILURE,"Cannot connect to host directtrack.com:443 ssl:False [nodename nor servname provided, or not known]"
photobiz.com,https://image11.photobiz.com/8586/29_20230313204407_7398225_large.png,JSONLD_LOGO_FOUND,
sitepoint.com,https://www.sitepoint.com/static-images/sitepoint-logo.png,JSONLD_LOGO_FOUND,
nettalk.com,https://ntconnect.com/resources/nt/images/icons/nettalk-favicon.png,FAVICON_FOUND,
efaxcorporate.com,https://enterprise.efax.com/wp-content/uploads/2021/12/logo.jpg,JSONLD_LOGO_FOUND,
signupgenius.com,https://www.signupgenius.com/images/SUG-Logo-400px.png,JSONLD_LOGO_FOUND,
tradeindia.com,https://tiimg.tistatic.com/new_website1/ti-design/images/tiLoginLogo.png,JSONLD_LOGO_FOUND,
narod.ru,https://narod.ru/logo/motor-logo.png,JSONLD_LOGO_FOUND,
cafe24.com,https://skin.cafe24img.com/imgcafe24com/images/common/cafe24.svg,JSONLD_LOGO_FOUND,
bodyguardz.com,https://www.bodyguardz.com/on/demandware.static/-/Library-Sites-BodyGuardzSharedLibrary/default/dw13e049ca/images/a-BGZbrands-Company-logo-white.png,JSONLD_LOGO_FOUND,
nobelcom.com,https://static.nobelcom.com/images/nobelcom/global/NObelapp_logo.png,JSONLD_LOGO_FOUND,
inmobi.com,https://web.inmobicdn.net/website/website/6.0.1/ui/uploads/misc/InMobi_Group_logo_color.png,JSONLD_LOGO_FOUND,
sina.com.cn,https://i3.sinaimg.cn/home/2013/0331/U586P30DT20130331093840.png,FAVICON_FOUND,
3gstore.com,https://5gstore.com/images/5gstore_logo.png,JSONLD_LOGO_FOUND,
woothemes.com,https://woocommerce.com/wp-content/uploads/2025/01/logo-05-stroopwafels@2x.png,JSONLD_LOGO_FOUND,
artistwebsites.com,https://images.fineartamerica.com/public/assets/images/LogoInstagramFooter.jpg,JSONLD_LOGO_FOUND,
scoutmob.com,,FAILURE,"Cannot connect to host scoutmob.com:443 ssl:False [nodename nor servname provided, or not known]"
yahoo.com,https://s.yimg.com/cv/apiv2/social/images/yahoo_default_logo.png,JSONLD_LOGO_FOUND,
bestcovery.com,https://cdn.bestcovery.ca-times-dam.psdops.com/dims4/default/beea024/2147483647/strip/true/crop/1000x277+0+0/resize/433x120!/quality/90/,JSONLD_LOGO_FOUND,
flippingbook.com,https://d1qwl4ymp6qhug.cloudfront.net/Release/R10144/images/logo.png,JSONLD_LOGO_FOUND,
otherinbox.com,,FAILURE,"Cannot connect to host otherinbox.com:443 ssl:False [nodename nor servname provided, or not known]"
fb.com,https://static.xx.fbcdn.net/rsrc.php/y1/r/4lCu2zih0ca.svg,JSONLD_LOGO_FOUND,
altervista.org,https://it.altervista.org/images/brand/Altervista_Logo_2.png,JSONLD_LOGO_FOUND,
gogrid.com,,FAILURE,
inetu.net,,FAILURE,
yesware.com,https://cdn.prod.website-files.com/6036bf3265493cd8d57a7527/6052542062bd09faf2d85ff8_yesware-company-stories-logo-masschallenge.png,JSONLD_LOGO_FOUND,
tripod.com,https://ly.lygo.net/ly/tpSite/images/tripodLogo.png,JSONLD_LOGO_FOUND,
lge.com,https://lge.com/content/dam/lge/common/logo/logo-lg-100-44.svg,JSONLD_LOGO_FOUND,
trendhunter.com,https://cdn.trendhunterstatic.com/logos/createthefuture.png,JSONLD_LOGO_FOUND,
toutapp.com,,FAILURE,
ignitionone.com,https://ignitionone.com/wp-content/uploads/2018/12/i1-logo-grayorange.png,JSONLD_LOGO_FOUND,
izea.com,https://d27fp5ulgfd7w2.cloudfront.net/wp-content/uploads/2025/03/06130544/IZEA-Gradient-Logo.svg,JSONLD_LOGO_FOUND,
buy.com,https://static.rakuten.com/assets/ac/_next/static/imgs/blank-1a8815.svg,JSONLD_LOGO_FOUND,
vidyo.com,https://www.enghousevideo.com/wp-content/uploads/2023/09/Enghouse-Video-stacked-color_trimmed-153x55-1.png,JSONLD_LOGO_FOUND,
clickmeter.com,https://www.rebrandly.com/assets/img/rebrandly-logo.svg,JSONLD_LOGO_FOUND,
hostdime.com,https://hostdime.com/images/our-network/spectrum_enterprise.png,JSONLD_LOGO_FOUND,
local03.com,https://cdn.prod.website-files.com/67683f71c6390df74ce8d459/6777efe2d530c6dee70989d9_Logo%20header%20v2.svg,JSONLD_LOGO_FOUND,
geocities.jp,,FAILURE,"Cannot connect to host geocities.jp:443 ssl:False [nodename nor servname provided, or not known]"
hatena.ne.jp,https://cdn-ak2.favicon.st-hatena.com/,JSONLD_LOGO_FOUND,
relianceglobalcall.com,https://www.relianceglobalcall.com/images/relianceglobalcall-logo.png,JSONLD_LOGO_FOUND,
launchrock.com,https://launchrock.com/metadata/launchrock//favicon-32x32.png,FAVICON_FOUND,
hdaccessory.com,https://cdn11.bigcommerce.com/s-5uiyhy/images/stencil/250x36/hd_accessory_logo_293x36_1603994455__85214.original.png,JSONLD_LOGO_FOUND,
sewelldirect.com,https://sewelldirect.com/cdn/shop/files/popularMechanicsLogo320px_192x192_fa200bda-dcd0-4878-b242-0c7bfdf9ac73_160x160.png,JSONLD_LOGO_FOUND,
kvh.com,https://www.kvh.com/wp-content/uploads/2024/02/KVHLogo.png,JSONLD_LOGO_FOUND,
vps.net,https://vps.net/includes/images/og-logo.png,JSONLD_LOGO_FOUND,
smaato.com,https://www.smaato.com/wp-content/uploads/2024/09/smaato-logo.svg,JSONLD_LOGO_FOUND,
hostbaby.com,https://static.production.hearnow-cdn.com/build/1748373789/grayscale/img/logo-regular.png,JSONLD_LOGO_FOUND,
thehighcalling.org,https://www.theologyofwork.org/assets/images/general/_600x60_fit_center-center_82_none/default_image.png,JSONLD_LOGO_FOUND,
invisionapp.com,https://images.ctfassets.net/w6r2i5d8q73s/4Sl71c85CSimVrBQ6OIdI0/1e954c70c12bca3947b91e14462afb51/Logo-Kimberly-Clark.svg,JSONLD_LOGO_FOUND,
anymeeting.com,https://www.intermedia.com/assets/images/intm_og_logo.png,JSONLD_LOGO_FOUND,
swisscom.ch,https://sdx.scsstatic.ch/v2.150.0/images/swisscom-logo-lifeform-180x180.png,FAVICON_FOUND,
sendthisfile.com,https://sendthisfile.com/wp-content/uploads/2021/11/cropped-SendThisFile_android-chrome-512x512-1.png,JSONLD_LOGO_FOUND,
siteground.com,https://siteground.com/img/apple-touch-icon.png,FAVICON_FOUND,
slickdeals.net,https://static.slickdealscdn.com/images/sd_share_logo.png,JSONLD_LOGO_FOUND,
telus.net,,FAILURE,
windowsazure.com,,FAILURE,
ipower.com,https://secure.ipower.com/images/icons/apple-touch-icons/apple-touch-icon-ipower.png,FAVICON_FOUND,
line2.com,https://www.line2.com/wp-content/uploads/2020/09/line2-logo.svg,JSONLD_LOGO_FOUND,
whichvoip.com,https://www.whichvoip.com/images/common/img_1x1.png,JSONLD_LOGO_FOUND,
clicktale.com,https://clicktale.com/favicons/apple-touch-icon.png,FAVICON_FOUND,
zoner.com,https://file.zoner.com/image/LOGO_1200x1200_b.png,JSONLD_LOGO_FOUND,
localphone.com,https://static.localphone.com/v3/images/common/new-localphoneLogo-en-3.5.01.png,JSONLD_LOGO_FOUND,
graphicmail.com,https://graphicmail.com/files/wp-content/uploads/2020/04/cropped-graphic-mail-logo.png,JSONLD_LOGO_FOUND,
telekom.com,https://www.telekom.com/resource/image/433106/landscape_ratio2x1/3000/1500/2f29011d7414bf84a653c7d10de6e943/1B9C77FA7C47CA5E913F6DC08584DAA9/bi-t-logo-0056-en.jpg,JSONLD_LOGO_FOUND,
accrisoft.com,https://accrisoft.com/graphics/design/favicon.png,FAVICON_FOUND,
accessorygeeks.com,https://www.accessorygeeks.com/cdn/shop/files/1_4_3fc76170-747e-469e-a503-73dee7a0e62f.png,JSONLD_LOGO_FOUND,
cwa-union.org,https://cwa-union.org/themes/custom/cwa_union/footer_logo.svg,JSONLD_LOGO_FOUND,
jiwire.com,,FAILURE,"Cannot connect to host jiwire.com:443 ssl:False [nodename nor servname provided, or not known]"
eweek.com,https://assets.eweek.com/uploads/2024/12/channels4_profile.jpg,JSONLD_LOGO_FOUND,
digitallanding.com,,FAILURE,
toast.net,https://irp.cdn-website.com/5c0e0ee8/dms3rep/multi/toastnet_transpa+copy+no+outlines.gif,JSONLD_LOGO_FOUND,
tatacommunications.com,https://gamma.tatacommunications.com/assets/wp-content/uploads/2024/04/gartner-ratings-logo-home.png,JSONLD_LOGO_FOUND,
gigaom.com,https://b2494509.smushcdn.com/2494509/wp-content/uploads/sites/1/2024/05/d5fd323f-cropped-ff3d2831-gigaom-square-192x192.png,FAVICON_FOUND,
no-ip.com,https://d2qr50rz2oof04.cloudfront.net/assets/img/logo/logo-bug.png,JSONLD_LOGO_FOUND,
163.com,https://static.ws.126.net/163/f2e/www/index20170701/images/py_logo.jpg,JSONLD_LOGO_FOUND,
mediacomcable.com,,FAILURE,
abril.com.br,https://assine.abril.com.br/wp-content/uploads/2024/10/logo_assine_colorido.png,JSONLD_LOGO_FOUND,
topproducer.com,https://www.topproducer.com/hs-fs/hubfs/raw_assets/public/TopProducerSoftware_July2022/images/Top-Producer-Logo-Footer-1.jpg,JSONLD_LOGO_FOUND,
kajeet.com,https://367813.fs1.hubspotusercontent-na1.net/hub/367813/hubfs/Assets/Logos/Kajeet-Logo.png,JSONLD_LOGO_FOUND,
infoseek.co.jp,https://media.image.infoseek.co.jp/shared/news/og/infoseeklogo.png,JSONLD_LOGO_FOUND,
copernic.com,https://copernic.com/wp-content/uploads/2023/12/logo.png,JSONLD_LOGO_FOUND,
mobal.com,https://mobal.com/img/common/xjapan-logos-2023-mobile.png.pagespeed.ic.rut77JEktd.webp,JSONLD_LOGO_FOUND,
ait.com,https://www.ait.com/wp-content/uploads/2024/12/aitlogo.png,JSONLD_LOGO_FOUND,
callsource.com,https://www.callsource.com/wp-content/themes/call-source/assets/img/call-source-logo.svg,JSONLD_LOGO_FOUND,
tribesports.com,https://tribesports.com/cdn/shop/files/home_page_menu_logo3_fcf46339-1868-40d5-865e-bf82fdb0896e_1200x.png,JSONLD_LOGO_FOUND,
mobileiron.com,https://static.ivanti.com/sites/marketing/media/images/icons/ivanti-favicon-152.png,FAVICON_FOUND,
polleverywhere.com,https://22544793.fs1.hubspotusercontent-na1.net/hub/22544793/hubfs/Pace-University-Logo.png,JSONLD_LOGO_FOUND,
jumpfly.com,https://www2.jumpfly.com/wp-content/uploads/2019/10/JfHorzColorLogo-3.png,JSONLD_LOGO_FOUND,
uniden.com,https://uniden.com/cdn/shop/files/Uniden_Web_Menu_160x40_Logo_2025_White.svg,JSONLD_LOGO_FOUND,
at.ua,https://at.ua/ucoz/v3/images/wm_logo_white.svg,JSONLD_LOGO_FOUND,
snapapp.com,https://storage.googleapis.com/bv-presto-prod-prod-public/d2f43416-bfe5-49b8-a679-25f6e3d2710a-logo.png,JSONLD_LOGO_FOUND,
simplycast.com,https://www.simplycast.com//webp/v3-images/default-images/sc-default-logo-share.webp,JSONLD_LOGO_FOUND,
hasoffers.com,https://www.tune.com/tune-com-content/uploads/2016/07/TUNE-Logo-1024x512.png,JSONLD_LOGO_FOUND,
podomatic.com,https://podomatic.com/assets/splash/youtube/amazon_music_logo-d753799d05dc06e5a6e6edb46c33b2065ede171568d1382fc86eb45157331aa6.svg,JSONLD_LOGO_FOUND,
usr.com,,FAILURE,"0, message='', url=URL('https://www.usr.com/')"
a2hosting.com,https://cms.hosting.com/assets/intro/trustpilot-1_wo5.svg,JSONLD_LOGO_FOUND,
thinglink.com,https://www.thinglink.com/gfx/thinglink-logo-app.svg,JSONLD_LOGO_FOUND,
bezecom.com,https://bezecom.com/img/bezecom_logo2.png,JSONLD_LOGO_FOUND,
digi.com,https://digi.com/getattachment/customer-stories/Worldâ€™s-largest-elevator-company-incorporates-IoT/otis-logo.png,JSONLD_LOGO_FOUND,
seidioonline.com,,FAILURE,"Cannot connect to host seidioonline.com:443 ssl:False [nodename nor servname provided, or not known]"
freephonetracer.com,https://freephonetracer.com/images/ng-logo.svg,JSONLD_LOGO_FOUND,
fathomdelivers.com,https://fathomdelivers.com/sites/default/files/styles/testimonial_image/public/2024-08/new-henryfordlogo-square.png,JSONLD_LOGO_FOUND,
hostmysite.com,https://hostmysite.com/wp-content/uploads/2015/08/HMSLogo.png,JSONLD_LOGO_FOUND,
apnic.net,https://webdist.data.apnic.net/web-framework-theme/9.1.5/images/apnic-reverse.svg,JSONLD_LOGO_FOUND,
saba.com,https://saba.com/_next/image/,JSONLD_LOGO_FOUND,
uol.com.br,https://conteudo.imguol.com.br/c/home/interacao/facebook/compartilhe.png,JSONLD_LOGO_FOUND,
sinovision.net,,FAILURE,
sohu.com,https://zmt.itc.cn/static/images/pic/sohu-logo/logo-114.png,FAVICON_FOUND,
call-em-all.com,https://www.text-em-all.com/hubfs/text-em-all/mainLogoStacked300ppi.png,JSONLD_LOGO_FOUND,
sencha.com,https://www.sencha.com/wp-content/uploads/2024/09/icon-product-ExtJS-removebg-preview.png,JSONLD_LOGO_FOUND,
idt.net,https://www.idt.net/wp-content/uploads/2022/05/logo-idt.svg,JSONLD_LOGO_FOUND,
fiksu.com,,FAILURE,"Cannot connect to host fiksu.com:443 ssl:False [nodename nor servname provided, or not known]"
smashingmagazine.com,https://smashingmagazine.com/images/logo/logo.svg,JSONLD_LOGO_FOUND,
xcomglobal.com,https://xcomglobal.com/_layout/images/header_logo.svg,JSONLD_LOGO_FOUND,
umcom.org,https://www.resourceumc.org/-/media/umc-media/2025/01/16/17/41/cross-and-flame-umcom-strategy-video-750x500.png,JSONLD_LOGO_FOUND,
synthasite.com,https://synthasite.com/ws/media-library/72538ebd5d1346799a3f7640b10ca2e1/entrepreneur-logo-1.png,JSONLD_LOGO_FOUND,
walla.co.il,https://www.walla.co.il/public/assets/logo/logo_new.svg,JSONLD_LOGO_FOUND,
admarketplace.com,https://cdn.prod.website-files.com/64d626ea4b535c7a17b83b78/64f1ac34e8a78298d17e2c11_TheHomeDepot%20logo%20(1).svg,JSONLD_LOGO_FOUND,
du.ae,https://du.ae/sites/duaediscovery/common/landing/favicon/favicon.png,FAVICON_FOUND,
toolbox.com,https://images.spiceworks.com/wp-content/uploads/2022/11/10090900/spiceworkslogo.png,JSONLD_LOGO_FOUND,
marketmotive.com,https://www.marketmotive.com/static/css/images/mm_new_logo_final.png,JSONLD_LOGO_FOUND,
magestore.com,https://www.magestore.com/wp-content/uploads/2023/10/02_Magestore_Logo_RGB_Yellow-Black.svg,JSONLD_LOGO_FOUND,
spyfu.com,https://cdn1.spyfu.com/dist/img/rf-header-logo-v2.svg,JSONLD_LOGO_FOUND,
glispa.com,,FAILURE,"Cannot connect to host glispa.com:443 ssl:False [Connect call failed ('188.40.192.147', 443)]"
voip.com,https://www.voip.com/wp-content/themes/voip/assets/img/VoIP-logo-black.png,JSONLD_LOGO_FOUND,
charter.net,https://charter.net/shared-assets/spectrum-logo-ligth-new-brand.svg,JSONLD_LOGO_FOUND,
simplereach.com,https://cdn.prod.website-files.com/62348aef92bf092b84891591/6297e68c4aa99c9e2339eec4_Nativo%20Logo%20-%202%20color%20reversed.svg,JSONLD_LOGO_FOUND,
bluefountainmedia.com,,FAILURE,"Cannot connect to host bluefountainmedia.com:443 ssl:False [nodename nor servname provided, or not known]"
peeplo.com,,FAILURE,"Cannot connect to host peeplo.com:443 ssl:False [Connect call failed ('127.0.0.1', 443)]"
voipo.com,,FAILURE,"Cannot connect to host voipo.com:443 ssl:False [Connect call failed ('52.116.223.122', 443)]"
coroflot.com,https://coroflot.com/images/page_icons/favicon-196x196.png,FAVICON_FOUND,
sena.com,https://www.sena.com/wp-content/uploads/2024/03/img_logo_red.svg,JSONLD_LOGO_FOUND,
cableone.net,https://cableone.net/-/media/project/sparklight/sparklight/logos/sparklight.png,JSONLD_LOGO_FOUND,
signnow.com,https://marketing-static.signnow.com/287/img/objects/g-logo/svg/signnow-logo-blue.svg,JSONLD_LOGO_FOUND,
linkconnector.com,https://www.linkconnector.com/wordpress/wp-content/uploads/2015/07/LC_Logo.png,JSONLD_LOGO_FOUND,
streamsend.com,,FAILURE,
bluestacks.com,https://cdn-www.bluestacks.com/bs-images/logo-icon.png,JSONLD_LOGO_FOUND,
clickatell.com,https://clickatell.com/favicon-32x32.png,FAVICON_FOUND,
distilled.net,https://distilled1.wpengine.com/wp-content/uploads/2022/11/22-Brainlabs-Logo-Icon-Lg-2-922x1024.png,JSONLD_LOGO_FOUND,
fairpoint.com,,FAILURE,
microsoftonline.com,,FAILURE,"Cannot connect to host microsoftonline.com:443 ssl:False [nodename nor servname provided, or not known]"
yola.com,https://yola.com/ws/media-library/72538ebd5d1346799a3f7640b10ca2e1/entrepreneur-logo-1.png,JSONLD_LOGO_FOUND,
onet.pl,https://ocdn.eu/onetmobilemainpage/service_logos/onet.svg,JSONLD_LOGO_FOUND,
budgetmobile.com,https://i0.wp.com/budgetmobile.com/wp-content/uploads/2025/03/cropped-Budget-Mobile-3-1.png,FAVICON_FOUND,
mapilab.com,https://mapilab.com/images/MS_Partner-grey.png,JSONLD_LOGO_FOUND,
wideanglesoftware.com,https://www.wideanglesoftware.com/images/WAS_logo.jpg,JSONLD_LOGO_FOUND,
ucoz.ru,https://ucoz.ru/ucoz/v3/images/wm_logo_white.svg,JSONLD_LOGO_FOUND,
cj.com,,FAILURE,"Cannot connect to host cj.com:443 ssl:False [Connect call failed ('159.127.40.163', 443)]"
sendible.com,https://www.sendible.com/assets/images/sendible-logo.svg,JSONLD_LOGO_FOUND,
ccrane.com,https://cdn11.bigcommerce.com/s-5su7s5q6od/images/stencil/original/logo-blue_1579301974__28783.original.png,JSONLD_LOGO_FOUND,
birch.com,,FAILURE,
maas360.com,,FAILURE,
justdial.com,,FAILURE,
appsbar.com,,FAILURE,
pcmatic.com,https://www.pcmatic.com/images/pcmatic-logo.svg,JSONLD_LOGO_FOUND,
directstartv.com,,FAILURE,
firehost.com,https://azurefrontdoorpages.azureedge.net/pages/PageNotFound_files/favicon.ico,FAVICON_FOUND,
raventools.com,https://raventools.com/img/home-new/raven-dark.png,JSONLD_LOGO_FOUND,
meetingsfocus.com,https://www.meetingsfocus.com/files/portals/0/skins/meetings/images/meetings_focus_logo.png,JSONLD_LOGO_FOUND,
daum.net,https://t1.daumcdn.net/top/favicon/20241223/daum.ico,FAVICON_FOUND,
rappler.com,https://www.rappler.com/uploads/2023/01/Rappler-Logo.svg,JSONLD_LOGO_FOUND,
fc2.com,https://static.fc2.com/share/image/favicon.ico,FAVICON_FOUND,
skimlinks.com,https://www.skimlinks.com/wp-content/uploads/2019/05/edaa-logo.png,JSONLD_LOGO_FOUND,
ringrevenue.com,https://cdn.prod.website-files.com/5dfbb65fcb94d5455876bad9/6411f6b05bc3f51b1b627a40_christianbros-customer_bw_logo.svg,JSONLD_LOGO_FOUND,
codero.com,https://codero.com/wp-content/uploads/2020/02/coderologo_feb13.png,JSONLD_LOGO_FOUND,
tbo.com,https://www.tbo.com/img/oglogo.png,JSONLD_LOGO_FOUND,
callfire.com,https://callfire.com/themes/custom/callfire/logo.png,JSONLD_LOGO_FOUND,
parentlink.net,,FAILURE,
onesuite.com,,FAILURE,
mobileroadie.com,https://cdn-static.mobileroadie.com/img/social-logo.jpg,JSONLD_LOGO_FOUND,
cablemover.com,https://www.smartmove.us/img/content-images/logo-smartmove_tagline.png,JSONLD_LOGO_FOUND,
freedownloads.us.com,,FAILURE,"Cannot connect to host freedownloads.us.com:443 ssl:False [nodename nor servname provided, or not known]"
kajabi.com,https://cdn.prod.website-files.com/66aebc00ad11d5f27673a187/66aebc00ad11d5f27673a193_Kajabi_Delivery_Elements_Logo_Monogram_FullColor.svg,JSONLD_LOGO_FOUND,
clear.com,https://mediaoptions.com/wp-content/uploads/2023/07/media-options.png,JSONLD_LOGO_FOUND,
webnode.cz,https://d1rv23qj5kas56.cloudfront.net/img/favicon/favicon-16.svg,FAVICON_FOUND,
astraweb.com,https://astraweb.com/assets/img/logo-old.png,JSONLD_LOGO_FOUND,
harmon.ie,https://harmon.ie/wp-content/uploads/2024/12/harmon.ie_logo.png,JSONLD_LOGO_FOUND,
free.fr,https://free.fr/assets/img/freebox/home/cards/logos/free-foot-app-logo.svg,JSONLD_LOGO_FOUND,
topseos.com,https://d14m5di267ycfe.cloudfront.net/settings/5f2535e6-16b0-45f7-974b-c37952bcda20.svg,JSONLD_LOGO_FOUND,
ipass.com,https://ipass.com/wp-content/uploads/2024/06/ipass-white.svg,JSONLD_LOGO_FOUND,
litmus.com,https://www.litmus.com/wp-content/themes/litmus/dist/images/litmus-logo.svg,JSONLD_LOGO_FOUND,
3cx.com,https://www.3cx.com/wp-content/uploads/2020/01/3CX_logo.jpg,JSONLD_LOGO_FOUND,
cleverbridge.com,https://grow.cleverbridge.com/hs-fs/hubfs/2_Logos/2-2_External/2-2-1_Clients/%7Ba4b89395-9ed5-4d17-830c-3c0c39fffe1d%7D_SMARTBEAR.png,JSONLD_LOGO_FOUND,
woopra.com,https://woopra.com/favicon.svg,FAVICON_FOUND,
yahoo.co.jp,https://s.yimg.jp/c/icon/s/bsc/2.0/y120.png,FAVICON_FOUND,
slideshop.com,https://cdn.shopify.com/s/files/1/0718/3826/9664/files/Slideshop-colored-logo_140x_2x_dd616959-dd36-4757-9cf8-539f2e6c10f2.png,JSONLD_LOGO_FOUND,
videotron.com,https://videotron.com/themes/custom/dxp_front/favicon.ico,FAVICON_FOUND,
cjb.net,,FAILURE,"Cannot connect to host cjb.net:443 ssl:False [nodename nor servname provided, or not known]"
mlxchange.com,,FAILURE,"Cannot connect to host mlxchange.com:443 ssl:False [nodename nor servname provided, or not known]"
housing.com,https://assets-0.housingcdn.com/seller/images/logo-72b33703f043bbab94637cf6faab9fc1.png,JSONLD_LOGO_FOUND,
towerstream.com,https://towerstream.com/wp-content/uploads/2023/09/banner_logo.png,JSONLD_LOGO_FOUND,
elasticemail.com,https://cms.elasticemail.com/wp-content/uploads/2016/12/ee_logo_steelblue.png,JSONLD_LOGO_FOUND,
g3telecom.com,https://g3telecom.com/content/images/main/img_carrierlogo.gif,JSONLD_LOGO_FOUND,
adonit.net,http://www.adonit.net/cdn/shop/files/Adonit_logo_horizontal_5f29fdce-bc77-4802-bf9a-363037ccc042.png,JSONLD_LOGO_FOUND,
genuitec.com,https://www.genuitec.com/wp-content/uploads/2022/03/cropped-favicon-512.png,JSONLD_LOGO_FOUND,
fuzemeeting.com,,FAILURE,"Cannot connect to host fuzemeeting.com:443 ssl:False [nodename nor servname provided, or not known]"
greengeeks.com,https://www.greengeeks.com/includes/images/logo.png,JSONLD_LOGO_FOUND,
cx.com,,FAILURE,"Cannot connect to host cx.com:443 ssl:False [nodename nor servname provided, or not known]"
ugr.es,https://ugr.es/themes/custom/ugr/transparencia-universidades.svg,JSONLD_LOGO_FOUND,
exclaimer.com,,FAILURE,"0, message='', url=URL('https://exclaimer.com')"
netatlantic.com,https://www.netatlantic.com/assets/images/logo-white.png,JSONLD_LOGO_FOUND,
orangesoda.com,,FAILURE,
apartmenthomeliving.com,,FAILURE,
axmag.com,https://axmag.com/img/logo.png,JSONLD_LOGO_FOUND,
tdstelecom.com,,FAILURE,"Cannot connect to host tdstelecom.com:443 ssl:False [nodename nor servname provided, or not known]"
logiforms.com,https://www.logiforms.com/wp-content/themes/logiforms/images/logo.png,JSONLD_LOGO_FOUND,
hubshout.com,https://semify.com/wp-content/uploads/2023/12/logo.svg,JSONLD_LOGO_FOUND,
flipbuilder.com,https://flipbuilder.com/images/home-new/banner/brand logos.png,JSONLD_LOGO_FOUND,
techradar.com,https://vanilla.futurecdn.net/techradar/media/img/techradar_logo.png,JSONLD_LOGO_FOUND,
affiliatetechnology.com,,FAILURE,
nextworth.com,,FAILURE,Server disconnected
ezanga.com,https://ezanga.com/imgs/logo.png,JSONLD_LOGO_FOUND,
virtualpbx.com,https://www.virtualpbx.com/wp-content/uploads/2022/04/logo-blackBlue.png,JSONLD_LOGO_FOUND,
shaw.ca,,FAILURE,
silktide.com,https://silktide.com/app/uploads/2023/06/Silktide-Logo.svg,JSONLD_LOGO_FOUND,
freedomvoice.com,https://www.freedomvoice.com/sites/default/files/cloudnumber-logo-sans.png,JSONLD_LOGO_FOUND,
lifehealthpro.com,,FAILURE,"Cannot connect to host lifehealthpro.com:443 ssl:False [nodename nor servname provided, or not known]"
companionlink.com,https://companionlink.com/assets/images/cl-footer-logo-2018.png,JSONLD_LOGO_FOUND,
bang-olufsen.com,https://www.bang-olufsen.com/~/media/images/bang-olufsen-attention-logo.png,JSONLD_LOGO_FOUND,
scorpiondesign.com,https://scorpiondesign.com/assets/logos/Scorpion-Logo-Black.2302080855180.svg,JSONLD_LOGO_FOUND,
sfr.fr,https://static.s-sfr.fr/media/icon-192x192.png,JSONLD_LOGO_FOUND,
allmyfaves.com,https://allmyfaves.com/favicon-32x32.png,FAVICON_FOUND,
suffolk.edu,https://suffolk.edu/-/media/suffolk/images/svg/suffolk-logo-stacked-white.svg,JSONLD_LOGO_FOUND,
rcrwireless.com,https://www.rcrwireless.com/wp-content/uploads/2024/10/RCR-NEWS-retina-300x99-1.webp,JSONLD_LOGO_FOUND,
showingsuite.com,,FAILURE,Cannot connect to host showingsuite.com:443 ssl:False [Connection reset by peer]
zedge.net,https://zedge.net/_next/static/media/logo-slogan.63f3dc81.png,JSONLD_LOGO_FOUND,
acquisio.com,https://www.acquisio.com/wp-content/uploads/2018/12/acquisio-fullcolor.png,JSONLD_LOGO_FOUND,
nimbuzz.com,https://nimbuzz.com/favicon-32x32.png,FAVICON_FOUND,
manageflitter.com,https://manageflitter.com/logo-transparent.png,JSONLD_LOGO_FOUND,
mawebcenters.com,https://mawebcenters.com/static/images/global/reseller/favicon_2.ico,FAVICON_FOUND,
seomoz.org,https://moz.com/images/cms/Moz-logo-blue.jpg,JSONLD_LOGO_FOUND,
trapcall.com,https://trapcall.com/assets/favicon-CZy2aBiM.png,FAVICON_FOUND,
amantel.com,https://www.amantel.com/images/logo-fix.png,JSONLD_LOGO_FOUND,
flipsnack.com,https://cdn.flipsnack.com/site/images/flipsnack-logo-dark-blue.gz.svg,JSONLD_LOGO_FOUND,
olark.com,https://cdn.prod.website-files.com/646d3c484b3d75dd99420842/6481fed6ec8eb2298374a8ac_integrations_illustration.webp,JSONLD_LOGO_FOUND,
performics.com,https://www.performics.com/wp-content/themes/PFX/img/performics_logo_white.svg,JSONLD_LOGO_FOUND,
ebrandz.com,https://www.ebrandz.com/wp-content/themes/ebrandz-child/images/bing-partner-logo.jpg,JSONLD_LOGO_FOUND,
vocalocity.com,,FAILURE,"Cannot connect to host vocalocity.com:443 ssl:False [Connect call failed ('204.74.99.103', 443)]"
gazeta.ru,https://img.championat.com/team/logo/1467975169671990612.png,JSONLD_LOGO_FOUND,
37signals.com,https://37signals.com/assets/images/logo-black.svg,JSONLD_LOGO_FOUND,
app.net,https://cloud.app.net/myarea_wl_appnet/ico/favicon.main.ico,FAVICON_FOUND,
wisestamp.com,https://www.wisestamp.com/wp-content/uploads/2023/03/wisestamp-navy-blue-vetical-header.svg,JSONLD_LOGO_FOUND,
brighthand.com,,FAILURE,Cannot connect to host brighthand.com:443 ssl:False [None]
befunky.com,https://www.befunky.com/images/site/b-logo-dark-with-bg-180.png,FAVICON_FOUND,
terremark.com,,FAILURE,
xo.com,https://www.verizon.com/favicon.ico,FAVICON_FOUND,
androidauthority.com,https://www.androidauthority.com/wp-content/uploads/2023/04/Google-Fi-Wireless-logo-on-smartphone-with-SIM-card-and-SIM-ejector-next-to-it-Stock-photo-4.jpg,JSONLD_LOGO_FOUND,
de.vu,,FAILURE,"Cannot connect to host de.vu:443 ssl:False [Connect call failed ('81.28.232.69', 443)]"
net.com,,FAILURE,"Cannot connect to host net.com:443 ssl:False [nodename nor servname provided, or not known]"
webceo.com,https://www.webceo.com/images/site/update/webceo-company-logo.webp,JSONLD_LOGO_FOUND,
cases.com,https://cdn11.bigcommerce.com/s-2gwuho/images/stencil/original/cases_logo_1738450580__04988.original.png,JSONLD_LOGO_FOUND,
telehispanic.com,,FAILURE,'utf-8' codec can't decode byte 0xe9 in position 290: invalid continuation byte
clearme.com,https://cdn.prod.website-files.com/646a6ec3f634076bc7bf77f2/655bb293ee7152068286e1cf_CLEAR_Logo_Horizontal_2Color_RGB%20(1).svg,JSONLD_LOGO_FOUND,
tmobile.jobs,,FAILURE,Cannot connect to host tmobile.jobs:443 ssl:False [[SSL: TLSV1_UNRECOGNIZED_NAME] tlsv1 unrecognized name (_ssl.c:1006)]
ojon.com,,FAILURE,"Cannot connect to host ojon.com:443 ssl:False [nodename nor servname provided, or not known]"
dslextreme.com,https://dslextreme.com/images/header_logo.png,JSONLD_LOGO_FOUND,
openx.org,,FAILURE,"Cannot connect to host openx.org:443 ssl:False [nodename nor servname provided, or not known]"
startec.com,https://startec.com/us/sites/default/files/logo-startec.png,JSONLD_LOGO_FOUND,
artisteer.com,,FAILURE,"Cannot connect to host artisteer.com:443 ssl:False [nodename nor servname provided, or not known]"
mainstreethost.com,https://www.mainstreethost.com/wp-content/uploads/2018/02/horizontal-logo.svg,JSONLD_LOGO_FOUND,
morevisibility.com,https://www.morevisibility.com/wp-content/uploads/2024/04/mv_logo-86fde8441efff2c542702f229700f3a4-dbebd0.png.png,JSONLD_LOGO_FOUND,
vat19.com,https://s3.amazonaws.com/images1.vat19.com/branding/vat19-mobile-logo-2x.png,JSONLD_LOGO_FOUND,
bossrevolution.com,https://cdn.bossrevolution.com/cms-content/BOSSRevolution.svg,JSONLD_LOGO_FOUND,
osiaffiliate.com,http://www.osiaffiliate.com/images/omnistar-logo-fb.png,JSONLD_LOGO_FOUND,
appadvice.com,https://appadvice.com/appadvice_logo_768x768.png,JSONLD_LOGO_FOUND,
cellcom.co.il,,FAILURE,
seewhy.com,,FAILURE,"Cannot connect to host seewhy.com:443 ssl:False [nodename nor servname provided, or not known]"
callture.com,https://res.cloudinary.com/dcvhalik6/image/upload/v1645928200/Callture-logo_oyudfm.png,JSONLD_LOGO_FOUND,
telenet.be,https://www2.telenet.be/content/dam/www-telenet-be/img/generic/Logos%20&%20Trademarks%20for%20content/ogimage/telenet_logo_yellow_whitebg.png,JSONLD_LOGO_FOUND,
galeon.com,https://galeon1.com/wp-content/uploads/2019/06/Best-Reviews-Products.png,JSONLD_LOGO_FOUND,
qwestoffice.net,,FAILURE,"Cannot connect to host qwestoffice.net:443 ssl:False [nodename nor servname provided, or not known]"
exede.com,https://www.viasat.com/etc.clientlibs/viasat-base/clientlibs/clientlib-resources/resources/logos/ViasatLogoDefault.svg,JSONLD_LOGO_FOUND,
etoncorp.com,https://cdn.shopify.com/s/files/1/2407/2229/files/eton_logo_100_red.png,JSONLD_LOGO_FOUND,
url.com,https://mediaoptions.com/wp-content/uploads/2023/07/media-options.png,JSONLD_LOGO_FOUND,
excite.co.jp,https://image.excite.co.jp/jp/appleIcon/web/excite/apple-touch-icon.png,FAVICON_FOUND,
savenkeep.com,,FAILURE,"Cannot connect to host savenkeep.com:443 ssl:False [nodename nor servname provided, or not known]"
dialogic.com,https://dialogic.com/-/media/purchase/logo/epsilon-logo.png,JSONLD_LOGO_FOUND,
bb-elec.com,,FAILURE,
sierrawireless.com,https://www.sierrawireless.com/wp-content/uploads/2024/02/semtech-logo-social.png,JSONLD_LOGO_FOUND,
website.ws,https://website.ws/newnav/images/main-logo.png,JSONLD_LOGO_FOUND,
webimax.com,https://www.webimax.com/hs-fs/hubfs/logo-webimax-notag-blue.png,JSONLD_LOGO_FOUND,
imeet.com,,FAILURE,
elevenwireless.com,,FAILURE,
echostar.com,https://echostar.com/content/echostar/us/en/home/_jcr_content/root/container/flexcontainer_287183093/row2/column1/card/image.coreimg.jpeg/1739418594026/news-bm-number1-ny.jpeg,JSONLD_LOGO_FOUND,
mygrande.com,https://mygrande.com/wp-content/themes/astound/images/logos/logo-astound-white-vertical-rcn.png,JSONLD_LOGO_FOUND,
seo.com,https://www.seo.com/wp-content/uploads/2023/10/seo-logo-compressed.png,JSONLD_LOGO_FOUND,
ntlworld.com,,FAILURE,
cincinnatibell.com,,FAILURE,
publicrecords.com,https://publicrecords.com/_/images/public-records-branding.svg,JSONLD_LOGO_FOUND,
dxengineering.com,https://static.dxengineering.com/contentful/2n6safxusa1qnjjydgp13f-0852b71347aa8a7d89ec02e206f472dfc45d7590.png,JSONLD_LOGO_FOUND,
howlifeworks.com,https://howlifeworks.com/wp-content/uploads/2023/11/cropped-Copy-of-Copy-of-Blue-Minimalist-Digital-Print-Center-Logo-1.png,JSONLD_LOGO_FOUND,
50megs.com,,FAILURE,"Cannot connect to host 50megs.com:443 ssl:False [Connect call failed ('64.136.20.69', 443)]"
viaero.com,https://www.viaero.com/wp-content/uploads/2024/06/cropped-favicon-192x192.jpg,FAVICON_FOUND,
tones7.com,https://www.tones7.com/images/mobile_logo_big.png,JSONLD_LOGO_FOUND,
morningprint.com,https://morningprint.com/image/common/logos202323.png,JSONLD_LOGO_FOUND,
tapjoy.com,https://cdn.sanity.io/images/fuvbjjlp/production/b3b79daaccf07ac54c1842a406650fcc1b66a45d-24x24.svg,JSONLD_LOGO_FOUND,
starhub.com,https://starhub.com/etc/designs/starhub/clientlibs/revamp/img/sh-logo.svg,JSONLD_LOGO_FOUND,
limestonenetworks.com,https://limestonenetworks.com/site/themes/lsn/images/favicon.ico,FAVICON_FOUND,
coveroo.com,,FAILURE,"Cannot connect to host coveroo.com:443 ssl:False [nodename nor servname provided, or not known]"
whoson.com,https://www.whoson.com/assets/img/logo-ps-white.png,JSONLD_LOGO_FOUND,
voki.com,,FAILURE,Cannot connect to host voki.com:443 ssl:False [[SSL: SSLV3_ALERT_HANDSHAKE_FAILURE] sslv3 alert handshake failure (_ssl.c:1006)]
gogvo.com,https://gogvo.com/images/gvo-logo-new.jpg,JSONLD_LOGO_FOUND,
exabytes.com,https://www.exabytes.com/wp-content/uploads/logo-exabytes.svg,JSONLD_LOGO_FOUND,
scannermaster.com,https://www.paypalobjects.com/webstatic/mktg/logo/pp_cc_mark_37x23.jpg,JSONLD_LOGO_FOUND,
site24x7.com,https://img.site24x7static.com/images/site24x7-logo-new.svg,JSONLD_LOGO_FOUND,
pagesperso-orange.fr,,FAILURE,"Cannot connect to host pages.perso.orange.fr:443 ssl:False [nodename nor servname provided, or not known]"
cmswire.com,https://cmswire.com/static/favicon.ico,FAVICON_FOUND,
esmas.com,https://esmas.com/_next/image,JSONLD_LOGO_FOUND,
bamboosolutions.com,https://bamboosolutions.com/wp-content/uploads/2016/03/BamboSolutions-LOGO_one-color.jpg,JSONLD_LOGO_FOUND,
talkfusion.com,https://talkfusion.com/_next/image,JSONLD_LOGO_FOUND,
custhelp.com,,FAILURE,
hotspotsystem.com,https://hotspotsystem.com/hotsyswp/wp-content/themes/hotspot/images/logo_newconcept.png,JSONLD_LOGO_FOUND,
zetaboards.com,,FAILURE,"Cannot connect to host zetaboards.com:443 ssl:False [nodename nor servname provided, or not known]"
4t.com,https://4t.com/assets/images/white-logo.png,JSONLD_LOGO_FOUND,
pragmaticworks.com,https://pragmaticworks.com/hs-fs/hubfs/Assets%202023/Images/rooms-to-go-logo-vector.png,JSONLD_LOGO_FOUND,
sitepal.com,https://www.sitepal.com/images/scenes/publish_video_logo.png,JSONLD_LOGO_FOUND,
finditquick.com,,FAILURE,
localnet.com,http://localnet.com/assets/images/localnet-logo.jpg,JSONLD_LOGO_FOUND,
comcastbiz.net,,FAILURE,"Cannot connect to host comcastbiz.net:443 ssl:False [nodename nor servname provided, or not known]"
trustedreviews.com,https://www.trustedreviews.com/wp-content/uploads/sites/7/2017/07/trusted-reviews-logo-stacked-google.png,JSONLD_LOGO_FOUND,
highspeedinternet.com,https://www.highspeedinternet.com/app/uploads/2019/04/hsi-logo-wide.png,JSONLD_LOGO_FOUND,
balsamiq.com,https://balsamiq.com/assets/logo-white.svg,JSONLD_LOGO_FOUND,
superb.net,https://www.superb.net/images2/main/logo.png,JSONLD_LOGO_FOUND,
aflglobal.com,https://aflglobal.com/_next/image,JSONLD_LOGO_FOUND,
telestial.com,https://telestial.com/images/layout/Nx50xcard-logos.jpg.pagespeed.ic.CJWewzfM6J.webp,JSONLD_LOGO_FOUND,
wealthyaffiliate.com,https://cdn2.wealthyaffiliate.com/images/wa_logo_open_graph_default.jpg,JSONLD_LOGO_FOUND,
appsgeyser.com,https://appsgeyser.com/favicon.png,FAVICON_FOUND,
wpromote.com,https://www.wpromote.com/wp-content/uploads/2022/01/wpromote-logo-512x512-1.svg,JSONLD_LOGO_FOUND,
uverse.com,https://uverse.com/uverse-tv/sites/g/files/jueztd606/files/2024-02/u-verse-logo.png,JSONLD_LOGO_FOUND,
adgooroo.com,https://www.adthena.com/wp-content/uploads/2020/09/cropped-adthena-logo-mark-300x300.png,FAVICON_FOUND,
mooo.com,,FAILURE,"Cannot connect to host mooo.com:443 ssl:False [Connect call failed ('70.39.97.227', 443)]"
advantech.com.tw,https://advcloudfiles.advantech.com/web/Images/common/advantech-logo-notagl.png,JSONLD_LOGO_FOUND,
sperrysoftware.com,https://www.sperrysoftware.com/Email-Tools/wp-content/uploads/2014/09/SperrySoftware-logo.jpg,JSONLD_LOGO_FOUND,
conversocial.com,https://verint.imgix.net/wp-content/uploads/verint-systems-600.jpg,JSONLD_LOGO_FOUND,
onlinehome.us,,FAILURE,Cannot connect to host onlinehome.us:443 ssl:False [[SSL: TLSV1_ALERT_INTERNAL_ERROR] tlsv1 alert internal error (_ssl.c:1006)]
bellsouth.com,,FAILURE,
connectify.me,https://connectify.me/wp-content/uploads/SPEEDIFYSDK-LOGO-01.png,JSONLD_LOGO_FOUND,
freeiz.com,,FAILURE,"Cannot connect to host freeiz.com:443 ssl:False [nodename nor servname provided, or not known]"
101domain.com,https://www.101domain.com/images/en_US/101domain_Logos/resource_logo_101domain_large.png,JSONLD_LOGO_FOUND,
afternic.com,https://img1.wsimg.com/private_label/497036/desktopLogo.b7ef694a5296a547306e6916f69abc3e.png,JSONLD_LOGO_FOUND,
socialgo.com,https://files.sitestatic.net/assets/imgs/game_logos/100x70/ug_rng/classic_bola_blind_1.png,JSONLD_LOGO_FOUND,
angelfire.com,https://ly.lygo.net/af/images/cc_logo.gif,JSONLD_LOGO_FOUND,
technobuffalo.com,https://vanilla.futurecdn.net/techradar/media/img/techradar_logo.png,JSONLD_LOGO_FOUND,
windstream.net,https://portal-static.imds-cdn.com/images/windstream-gen4/icons/apple-touch-icon-180.png,FAVICON_FOUND,
us.com,https://us.com/assets/img/logos/uscom-white-single-color.svg,JSONLD_LOGO_FOUND,
phonedog.com,https://news.wirefly.com/sites/phonedog.com/files/styles/home_latest_news/public/blog/featured_image/2020/12/galaxy-s21-front-leak-title.jpg,JSONLD_LOGO_FOUND,
prankdial.com,https://www.prankdial.com/assets/svg/pd_logo.svg,JSONLD_LOGO_FOUND,
in.com,,FAILURE,
dynadot.com,https://www.dynadot.com/tr/mainsite2023/navbar-logo-dark-2023.png,JSONLD_LOGO_FOUND,
techwyse.com,https://cdn-bclkb.nitrocdn.com/fiSPvbjtAHBnrLskqKEeXpMGQlSziTCT/assets/images/optimized/rev-116be37/www.techwyse.com/wp-content/uploads/2021/08/cropped-tw-icon-192-192x192.png,FAVICON_FOUND,
ctia.org,https://ctia.org/favicons/favicon-196x196.png,FAVICON_FOUND,
androidpolice.com,https://www.androidpolice.comhttps://static0.anpoimages.com/assets/images/ap-amp-logo.png,JSONLD_LOGO_FOUND,
avispl.com,https://avispl.com/wp-content/uploads/2024/11/logo.svg,JSONLD_LOGO_FOUND,
startlogic.com,https://secure.startlogic.com/images/icons/apple-touch-icons/apple-touch-icon-startlogic.png,FAVICON_FOUND,
pennytalk.com,https://cdn1.pennytalk.com/content/images/favicon.ico,FAVICON_FOUND,
zamzar.com,https://zamzar.com/images/princeton-logo.png,JSONLD_LOGO_FOUND,
t-mobile.pl,https://t-mobile.pl/.well-known/favicon_180x180px.png,FAVICON_FOUND,
voltage.com,https://4b0e0ccff07a2960f53e-707fda739cd414d8753e03d02c531a72.ssl.cf5.rackcdn.com/wp-content/themes/voltpress/images/mf_logo_white.svg,JSONLD_LOGO_FOUND,
atlanticbt.com,https://www.atlanticbt.com/content/uploads/2023/08/rgb-abt-logo-lockup-vertical-color-margins.png,JSONLD_LOGO_FOUND,
idnes.cz,https://1gr.cz/u/loga-n4/idnes.svg,JSONLD_LOGO_FOUND,
qualityunit.com,https://qualityunit.com/img/testimonials/logo-study-portals.png,JSONLD_LOGO_FOUND,
360cities.net,https://360cities.net/images/customer_logos/occupiedVRlogo.png,JSONLD_LOGO_FOUND,
luxsci.com,https://luxsci.com/wp-content/uploads/2024/08/cropped-Luxsci_Favicon-150x150.png,FAVICON_FOUND,
ez.no,https://ez.no/var/site/storage/images/2/6/0/7/47062-19-eng-GB/1631bac93e75-Logo-K3-Innovationen-GmbH-2305843009217690684-.png,JSONLD_LOGO_FOUND,
e-monsite.com,https://www.e-monsite.com/medias/site/logos/logo-e-monsite-portail.png,JSONLD_LOGO_FOUND,
hamradiolicenseexam.com,https://hamradiolicenseexam.com/images/ham-test-online-logo.png,JSONLD_LOGO_FOUND,
hsselite.com,http://blog.hotspotshield.com/wp-content/uploads/2018/05/1.png,JSONLD_LOGO_FOUND,
pixelcrayons.com,https://www.pixelcrayons.com/wp-content/themes/pixelcrayons/v3.0/assets/header-images/logo-small.svg,JSONLD_LOGO_FOUND,
codecademy.com,https://static-assets.codecademy.com/Courses/Learn-Redux/matching-game/codecademy_logo.png,JSONLD_LOGO_FOUND,
jsu.edu,https://www.jsu.edu/_common/_redesign/_files/images/logo/logo-mobile.png,JSONLD_LOGO_FOUND,
fortumo.com,https://cdn.prod.website-files.com/645423569ed898641ae38583/64a66e89fcd2d9f113bfdae1_netflix-logo.png,JSONLD_LOGO_FOUND,
webatu.com,,FAILURE,"Cannot connect to host webatu.com:443 ssl:False [nodename nor servname provided, or not known]"
appnovation.com,https://appnovation.com/themes/custom/appnovation/favicon.png,FAVICON_FOUND,
shopgate.com,https://www.shopgate.com/hubfs/harbor-freight-icon-logo-vector-1.svg,JSONLD_LOGO_FOUND,
rambler.ru,https://rambler.ru/favicon-192x192.png,FAVICON_FOUND,
websitetoolbox.com,https://cdn.websitetoolbox.com/images/logos/wt_logo_blue.svg,JSONLD_LOGO_FOUND,
hellofax.com,https://cdn.prod.website-files.com/5d8276a79ed2c0d135ef444b/5e2f7a28ff293b0f5a039797_hellofax_logo_strip.png,JSONLD_LOGO_FOUND,
roadrunner.com,,FAILURE,
mojo-themes.com,,FAILURE,
tut.by,,FAILURE,"Cannot connect to host tut.by:443 ssl:False [nodename nor servname provided, or not known]"
alaskacommunications.com,,FAILURE,
dishlatino.com,,FAILURE,
mongoosemetrics.com,https://imagesku.cloud/OPERA5000/jkwOAYHj.png,FAVICON_FOUND,
toucharcade.com,https://toucharcade.com/styles/toucharcade/toucharcade/patreon-logo.png,JSONLD_LOGO_FOUND,
actiance.com,https://www.smarsh.com/media/smarsh_web_Logo_sm-e1424815704211.png,JSONLD_LOGO_FOUND,
sync2.com,,FAILURE,
avea.com.tr,,FAILURE,
hotmail.com,https://www.microsoft.com/favicon.ico,FAVICON_FOUND,
hover.com,https://hover.com/packs/static/src/application/images/common/hv-logo-2020-4a136057f777be722f4f.svg,JSONLD_LOGO_FOUND,
magicjack.com,https://magicjack.com/mj/common/img/norton/norton360-logo.png,JSONLD_LOGO_FOUND,
emarketer.com,https://emarketer.com/_gatsby/image/8ffbd2eb42e3bb44843f7ee55e91ded1/cbadc3acc7ae1e4f118e0197a325ea10/canneslogo2.png,JSONLD_LOGO_FOUND,
progrexion.com,,FAILURE,
serverintellect.com,,FAILURE,"Cannot connect to host serverintellect.com:443 ssl:False [nodename nor servname provided, or not known]"
pchome.com.tw,https://www.pchome.com.tw/img/pchomelogo_fb.jpg,JSONLD_LOGO_FOUND,
oversee.net,https://www.oversee.net/wp-content/uploads/2023/11/cropped-siteicon.png,JSONLD_LOGO_FOUND,
differencebetween.net,https://www.differencebetween.net/wp-content/themes/mimbo/images/logo.jpg,JSONLD_LOGO_FOUND,
scosche.com,,FAILURE,"0, message='', url=URL('https://www.scosche.com/')"
aricent.com,,FAILURE,"Cannot connect to host aricent.com:443 ssl:False [nodename nor servname provided, or not known]"
link-assistant.com,https://www.link-assistant.com/themes/basic/images/icons/sps-136.png,JSONLD_LOGO_FOUND,
goo.ne.jp,https://www.xgoo.jp/top2018/public/img/gh_logo.svg,JSONLD_LOGO_FOUND,
mts.com,https://mts.com/-/media/global/mts-logo.svg,JSONLD_LOGO_FOUND,
brafton.com,https://www.brafton.com/wp-content/uploads/2024/04/BraftonLogo_B-01-e1369155507884.png,JSONLD_LOGO_FOUND,
cmworks.com,,FAILURE,Cannot connect to host cmworks.com:443 ssl:False [Connection reset by peer]
answernet.com,https://answernet.com/wp-content/uploads/2018/04/AnswerNet.png,JSONLD_LOGO_FOUND,
spoofcard.com,https://lirp.cdn-website.com/6d3fae23/dms3rep/multi/opt/spoofcard-logo-clean+%281%29-224w.png,JSONLD_LOGO_FOUND,
pku.edu.cn,,FAILURE,Server disconnected
uservoice.com,https://cdn.prod.website-files.com/60d5fccd073e73765ce22806/63b3278e5885fb482629cced_Vector%20-%202023-01-02T114921.935.svg,JSONLD_LOGO_FOUND,
deviceanywhere.com,,FAILURE,"Cannot connect to host deviceanywhere.com:443 ssl:False [nodename nor servname provided, or not known]"
brinkster.net,https://www.brinkster.com/favicon.ico,FAVICON_FOUND,
onebox.com,https://onebox.com/images/default-source/logos/erecepionist-logo-white.png,JSONLD_LOGO_FOUND,
atmail.com,https://www.atmail.com/wp-content/uploads/2021/04/Singtel_logo.png,JSONLD_LOGO_FOUND,
bigtent.com,,FAILURE,
maktoob.com,https://s.yimg.com/cv/apiv2/social/images/yahoo_default_logo.png,JSONLD_LOGO_FOUND,
vocalcom.com,https://www.vocalcom.com/wp-content/uploads/2020/07/logo-vocalcom.svg,JSONLD_LOGO_FOUND,
jobvertise.com,https://seal-chicago.bbb.org/logo/ruhzbum/jobvertise-88257852.png,JSONLD_LOGO_FOUND,
ducttapemarketing.com,https://149781471.v2.pressablecdn.com/wp-content/uploads/2024/06/362x83pix-KitchenDesignConcepts_Logo_Horizontal_midnightblue.png,JSONLD_LOGO_FOUND,
ocn.ne.jp,https://www.xgoo.jp/top2018/public/ocn_assets/pc/img/docomo_logo.png,JSONLD_LOGO_FOUND,
cardosystems.com,https://cardosystems.com/cdn/shop/files/Cardo_Logo_Blue_and_White_Horizontal_1_400x.webp,JSONLD_LOGO_FOUND,
mail.ru,https://limg.imgsmail.ru/re/i/meta/144x144.png,FAVICON_FOUND,
searchmarketing.com,,FAILURE,
movistar.com.pe,,FAILURE,Cannot connect to host movistar.com.pe:443 ssl:False [None]
kabeldeutschland.de,https://kabeldeutschland.de/favicon.ico,FAVICON_FOUND,
shop-pro.jp,https://static-www.shop-pro.jp/_astro/logo_gmo-brand-security_01.B0cVDoFq.png,JSONLD_LOGO_FOUND,
wowslider.com,https://wowslider.com/favicon.ico,FAVICON_FOUND,
oxygenxml.com,https://oxygenxml.com/img/Content_Fusion_New_Star_60.png,JSONLD_LOGO_FOUND,
peerfly.com,https://afflift.com/f/data/assets/logo/social1.png,JSONLD_LOGO_FOUND,
clickworker.com,https://cdn.clickworker.com/wp-content/uploads/2023/06/clickworkerCompactLogo.webp,JSONLD_LOGO_FOUND,
siemon.com,https://www.siemon.com/wp-content/uploads/Siemon_Logo-1.jpg,JSONLD_LOGO_FOUND,
infinera.com,https://www.nokia.com/sites/default/files/2025-03/nok_infn_day-1-welcome-nologo-1.png,JSONLD_LOGO_FOUND,
gelaskins.com,https://www.gelaskins.com/cdn/shop/files/GS-wordmark_3841767d-572e-40d8-8c0e-3d3b993bca4a_562x.png,JSONLD_LOGO_FOUND,
hongkiat.com,,FAILURE,'utf-8' codec can't decode byte 0xe2 in position 32392: invalid continuation byte
sonetel.com,https://sonetel.com/wp-content/uploads/2017/10/logo_horizontal.png,JSONLD_LOGO_FOUND,
dsstyles.com,https://cdn.shopify.com/s/files/1/2713/6976/files/DSstyles_logo_Black_Official.jpg,JSONLD_LOGO_FOUND,
mailinator.com,https://mailinator.com/xYzQe97QxAa/s8e82025/uploads/2021/07/Mailinator-Logo-mail_.png,JSONLD_LOGO_FOUND,
cellhut.com,,FAILURE,
x10.com,https://cdn.shopify.com/s/files/1/0324/7511/9675/files/logo-white_f06866b9-5274-4074-be38-384fe57456bf.png,JSONLD_LOGO_FOUND,
i9sports.com,https://wp.i9sports.com/wp-content/uploads/2019/08/i9SportsLogo.png,JSONLD_LOGO_FOUND,
indianic.com,https://dcdh7ea8gkhvt.cloudfront.net/wp-content/themes/indianic/assets/images/app-icon.png,FAVICON_FOUND,
ahrefs.com,https://assets-3b70.kxcdn.com/images/mediakit/logo_blue@2x.png,JSONLD_LOGO_FOUND,
101phones.com,,FAILURE,
wilsonelectronics.com,https://wilsonelectronics.com/_next/image,JSONLD_LOGO_FOUND,
symanteccloud.com,,FAILURE,"Cannot connect to host symanteccloud.com:443 ssl:False [nodename nor servname provided, or not known]"
lolipop.jp,https://lolipop.jp/img/default/home/lolipop-logo.svg,JSONLD_LOGO_FOUND,
mobilestorm.com,http://mobilestorm.wpenginepowered.com/wp-content/uploads/2022/01/logo.png,JSONLD_LOGO_FOUND,
edmundsassoc.com,https://edmundsassoc.com/wp-content/uploads/edmunds-logo-white.svg,JSONLD_LOGO_FOUND,
padandquill.com,https://burtongoods.com/cdn/shop/files/Artboard_2_5_a3b1d666-cbbf-41f4-8767-0123ff0cd9fa.png,JSONLD_LOGO_FOUND,
kunocreative.com,https://www.kunocreative.com/hubfs/kuno-theme-2024/images/marketing-enablement.svg,JSONLD_LOGO_FOUND,
telefonica.com,https://www.telefonica.com/es/wp-content/uploads/sites/4/2021/01/telefonica-logo.png,JSONLD_LOGO_FOUND,
midcocomm.com,,FAILURE,
cellebrite.com,https://cellebrite.com/wp-content/uploads/2023/08/cellebrite-logo-light-square.png,JSONLD_LOGO_FOUND,
eurodns.com,https://cdn.eurodns.com/images/eurodns_logo_kb.png,JSONLD_LOGO_FOUND,
brightlocal.com,https://d317jr06u12xtj.cloudfront.net/2021/07/dDV8Izrs-brightlocal-logo-1.svg,JSONLD_LOGO_FOUND,
sungardas.com,https://1111systems.com/wp-content/uploads/2022/01/1111-systems.png,JSONLD_LOGO_FOUND,
dnsmadeeasy.com,https://dnsmadeeasy.com/wp-content/uploads/2023/08/trim-DNSMadeEasy_Digicert_Logo_Dark.png,JSONLD_LOGO_FOUND,
mynewsletterbuilder.com,https://mynewsletterbuilder.com/mnb/favicon.ico,FAVICON_FOUND,
online.de,,FAILURE,
mylikes.com,,FAILURE,
hosting.com,https://cms.hosting.com/assets/intro/trustpilot-1_wo5.svg,JSONLD_LOGO_FOUND,
fax.com,https://www.efax.com/wp-content/uploads/2024/03/eFax-logo.svg,JSONLD_LOGO_FOUND,
voodoo.com,,FAILURE,"Cannot connect to host voodoo.com:443 ssl:False [nodename nor servname provided, or not known]"
onetouch.com,https://onetouch.com/profiles/custom/onetouch_profile/profiles/onetouch_profile/onetouch_theme/images/logo-onetouch-rebrand.png,JSONLD_LOGO_FOUND,
appappeal.com,,FAILURE,
linksynergy.com,,FAILURE,"Cannot connect to host linksynergy.com:443 ssl:False [nodename nor servname provided, or not known]"
ocnk.net,https://www.ocnk.net/android-icon-192x192.png,FAVICON_FOUND,
zing.vn,https://static-zmp3.zmdcdn.me/skins/common/logo600.png,JSONLD_LOGO_FOUND,
slickwraps.com,https://www.slickwraps.com/cdn/shop/files/social_image_1200x.jpg,JSONLD_LOGO_FOUND,
offervault.com,https://offervault.com/img/high-logo.png,JSONLD_LOGO_FOUND,
gmx.es,https://s.uicdn.com/mailint/10.48.0/assets/meta-ref_gmxcom.png,FAVICON_FOUND,
websitepulse.com,https://www.websitepulse.com/images/websitepulse.png,JSONLD_LOGO_FOUND,
gosquared.com,https://static.gosquared.com/images/software/assistant/2021/logoline_right_01.png,JSONLD_LOGO_FOUND,
drippler.com,,FAILURE,"Cannot connect to host drippler.com:443 ssl:False [nodename nor servname provided, or not known]"
listbox.com,https://listbox.com/lb-logo.png,JSONLD_LOGO_FOUND,
baydin.com,https://baydin.com/img/New-York-Times-logo.jpg,JSONLD_LOGO_FOUND,
stackideas.com,https://stackideas.com/templates/delta/images/stackideas-icon.png,JSONLD_LOGO_FOUND,
ic.cz,https://ic.cz/templates/webhoster2/assets/images/logo.png,JSONLD_LOGO_FOUND,
dataviz.com,https://dataviz.com/wp-content/uploads/2021/01/cropped-d-no-shadow-x512-192x192.png,FAVICON_FOUND,
pingo.com,https://pingo.com/images/logo.png,JSONLD_LOGO_FOUND,
digitaljournal.com,https://www.digitaljournal.com/wp-content/uploads/2020/08/dj-logo-2x.png,JSONLD_LOGO_FOUND,
whatclinic.com,https://www.whatclinic.com/static/latest/images/logo/logo-white-big.png,JSONLD_LOGO_FOUND,
cloudsolutions.co.uk,https://cloudsolutions.co.uk/site/templates/assets/images/logo-wordmark-white.svg,JSONLD_LOGO_FOUND,
drupalgardens.com,,FAILURE,"Cannot connect to host drupalgardens.com:443 ssl:False [nodename nor servname provided, or not known]"
pagesjaunes.ca,https://entreprise.pj.ca/static/assets/images/logo-yellow-pages-fr.svg,JSONLD_LOGO_FOUND,
zixcorp.com,https://zixcorp.com/themes/custom/zix/img/transition-hero/appriver_logo_new.png,JSONLD_LOGO_FOUND,
covario.com,,FAILURE,"Cannot connect to host covario.com:443 ssl:False [nodename nor servname provided, or not known]"
rockettheme.com,https://rockettheme.com/favicon.png,FAVICON_FOUND,
studyabroad.com,https://www.studyabroad.com/wp-content/uploads/2025/01/logomark.png,JSONLD_LOGO_FOUND,
heliohost.org,https://heliohost.org/images/planets/hhlogo.svg,JSONLD_LOGO_FOUND,
8m.com,,FAILURE,"Cannot connect to host 8m.com:443 ssl:False [nodename nor servname provided, or not known]"
pinpointe.com,https://www.pinpointe.com/wp-content/uploads/Pinpointe-Customer-Logos.png,JSONLD_LOGO_FOUND,
powweb.com,https://secure.powweb.com/images/icons/apple-touch-icons/apple-touch-icon-powweb.png,FAVICON_FOUND,
neuf.fr,,FAILURE,"Cannot connect to host neuf.fr:443 ssl:False [Connect call failed ('212.30.118.74', 443)]"
uk2.net,https://www.uk2.net/img/uk2-logo.svg,JSONLD_LOGO_FOUND,
simplehelix.com,https://simplehelix.com/wp-content/uploads/2020/09/Simple-Helix-Logo.png,JSONLD_LOGO_FOUND,
flurry.com,https://s.yimg.com/oo/cms/products/flurry/sites/default/files/2020-07/Major_League_Baseball_logo_bec58a234.png,JSONLD_LOGO_FOUND,
portent.com,https://www.portent.com/images/2016/03/portent-logo-background-dark_blue-text-white-800x480.jpg,JSONLD_LOGO_FOUND,
activecampaign.com,https://activecampaign.com/dist/favicon-192x192.png,FAVICON_FOUND,
weaknees.com,https://weaknees.com/iphone.png,FAVICON_FOUND,
etfdailynews.com,https://www.americanbankingnews.com/wp-content/timthumb/timthumb.php,JSONLD_LOGO_FOUND,
wildblue.com,,FAILURE,
mysimplemobile.com,,FAILURE,
whmcs.com,https://www.whmcs.com/images/logo.png,JSONLD_LOGO_FOUND,
tether.com,https://tether.com/wp-content/uploads/2022/02/tether-header-logo-white.svg,JSONLD_LOGO_FOUND,
blurbpoint.com,https://www.blurbpoint.com/wp-content/uploads/2020/10/logo-blue.png,JSONLD_LOGO_FOUND,
eatel.com,https://letsrev.com/wp-content/uploads/2021/11/logo.png,JSONLD_LOGO_FOUND,
sudokuprofessor.com,https://eidf2b4q3r9.exactdn.com/wp-content/uploads/2020/09/SPLogo-Recolor-Tiny-75.png,JSONLD_LOGO_FOUND,
thebigboss.org,https://thebigboss.org/logo.png,JSONLD_LOGO_FOUND,
voipsupply.com,https://www.voipsupply.com/media/version1747359844/catalog/category/cache/x300/sangoma-logo-web_Medium_1.jpeg.png,JSONLD_LOGO_FOUND,
piwik.org,https://m-img.org/spai/q_lossless+ret_img+to_webp/matomo.org/wp-content/uploads/2018/11/cropped-DefaultIcon-192x192.png,FAVICON_FOUND,
sogosurvey.com,https://cdn.sogolytics.com/wp-content/uploads/2022/07/Sogolytics-bgW-textB.svg,JSONLD_LOGO_FOUND,
pcb.com,https://pcb.com/contentstore/sites/pcb/images/logos/PCB_WebIcons_Endevco.png,JSONLD_LOGO_FOUND,
entireweb.com,https://www.entireweb.com/include/img/691x128-ew-logo.webp,JSONLD_LOGO_FOUND,
bravehost.com,https://assets.bravenet.com/braveuistatic/img/apps/www.bravenet.com/src/assets/img/shared/bravenet-footer-logo.png,JSONLD_LOGO_FOUND,
iana.org,https://iana.org/_img/bookmark_icon.ico,FAVICON_FOUND,
gosphero.com,,FAILURE,Cannot connect to host gosphero.com:443 ssl:False [[SSL: TLSV1_ALERT_INTERNAL_ERROR] tlsv1 alert internal error (_ssl.c:1006)]
nana10.co.il,https://media.reshet.tv/image/upload/v1638175012/assets/2021/RESHET13.png,JSONLD_LOGO_FOUND,
contactology.com,,FAILURE,
lunametrics.com,https://lunametrics.com/public/static/favicon-0d412dcf90815a41a1bb68bdf1960bf5.png,FAVICON_FOUND,
wiggio.com,,FAILURE,"Cannot connect to host wiggio.com:443 ssl:False [nodename nor servname provided, or not known]"
4team.biz,https://4team.biz/content/images/customer_logos/new_mexico_state_university.png,JSONLD_LOGO_FOUND,
mobileread.com,,FAILURE,
onlinephonestore.com,,FAILURE,
indeed.com,,NOTHING_FOUND,
sprint.com,,NOTHING_FOUND,
timewarnercable.com,,NOTHING_FOUND,
intelius.com,,NOTHING_FOUND,
peoplefinders.com,,NOTHING_FOUND,
verizon.com,,NOTHING_FOUND,
whitepages.com,,NOTHING_FOUND,
godaddy.com,,NOTHING_FOUND,
mitel.com,,NOTHING_FOUND,
msn.com,,NOTHING_FOUND,
gotomeeting.com,,NOTHING_FOUND,
bluehost.com,,NOTHING_FOUND,
constantcontact.com,,NOTHING_FOUND,
sharefile.com,,NOTHING_FOUND,
networksolutions.com,,NOTHING_FOUND,
cox.com,,NOTHING_FOUND,
t-mobile.com,,NOTHING_FOUND,
verizonwireless.com,,NOTHING_FOUND,
peoplesmart.com,,NOTHING_FOUND,
plantronics.com,,NOTHING_FOUND,
hughesnet.com,,NOTHING_FOUND,
vonage.com,,NOTHING_FOUND,
sulekha.com,,NOTHING_FOUND,
metropcs.com,,NOTHING_FOUND,
ussearch.com,,NOTHING_FOUND,
airpush.com,,NOTHING_FOUND,
gotowebinar.com,,NOTHING_FOUND,
name.com,,NOTHING_FOUND,
earthlink.net,,NOTHING_FOUND,
sonymobile.com,https://sony.scene7.com/is/image/sonyglobalsolutions/GWX_mobile_Categorypage_MOBILE__facebook_quick-links_712x570,JSONLD_LOGO_FOUND,
uscellular.com,,NOTHING_FOUND,
getsatisfaction.com,,NOTHING_FOUND,
terra.com,,NOTHING_FOUND,
ipage.com,,NOTHING_FOUND,
stackexchange.com,,NOTHING_FOUND,
secureserver.net,,NOTHING_FOUND,
vzw.com,,NOTHING_FOUND,
brandbucket.com,,NOTHING_FOUND,
tracfone.com,,NOTHING_FOUND,
whatcounts.com,,NOTHING_FOUND,
mediatemple.net,,NOTHING_FOUND,
greatcall.com,,NOTHING_FOUND,
justhost.com,,NOTHING_FOUND,
avangate.com,,NOTHING_FOUND,
flippa.com,,NOTHING_FOUND,
radaris.com,,NOTHING_FOUND,
puretalkusa.com,,NOTHING_FOUND,
namecheap.com,,NOTHING_FOUND,
liquidweb.com,,NOTHING_FOUND,
televisionfanatic.com,,NOTHING_FOUND,
campusexplorer.com,,NOTHING_FOUND,
charter.com,,NOTHING_FOUND,
godish.com,,NOTHING_FOUND,
livedoor.jp,,NOTHING_FOUND,
consumercellular.com,,NOTHING_FOUND,
earthlinkbusiness.com,,NOTHING_FOUND,
backupify.com,,NOTHING_FOUND,
vagaro.com,,NOTHING_FOUND,
yandex.ru,,NOTHING_FOUND,
1shoppingcart.com,,NOTHING_FOUND,
rtrk.com,,NOTHING_FOUND,
eztexting.com,,NOTHING_FOUND,
kissmetrics.com,,NOTHING_FOUND,
peer1.com,,NOTHING_FOUND,
esignal.com,,NOTHING_FOUND,
americommerce.com,,NOTHING_FOUND,
homesandland.com,,NOTHING_FOUND,
surveygizmo.com,,NOTHING_FOUND,
ubreakifix.com,,NOTHING_FOUND,
optimum.com,,NOTHING_FOUND,
cspire.com,,NOTHING_FOUND,
hostmonster.com,,NOTHING_FOUND,
carphonewarehouse.com,,NOTHING_FOUND,
pinnaclecart.com,,NOTHING_FOUND,
ampedwireless.com,,NOTHING_FOUND,
totalrecipesearch.com,,NOTHING_FOUND,
promotive.com,,NOTHING_FOUND,
example.com,,NOTHING_FOUND,
waze.com,,NOTHING_FOUND,
allconnect.com,,NOTHING_FOUND,
ericsson.com,,NOTHING_FOUND,
harris.com,,NOTHING_FOUND,
cellphoneshop.net,,NOTHING_FOUND,
yammer.com,,NOTHING_FOUND,
bronto.com,,NOTHING_FOUND,
antonline.com,,NOTHING_FOUND,
squidoo.com,,NOTHING_FOUND,
tollfreeforwarding.com,,NOTHING_FOUND,
charterbusiness.com,,NOTHING_FOUND,
crackberry.com,,NOTHING_FOUND,
cox.net,,NOTHING_FOUND,
yolasite.com,,NOTHING_FOUND,
cablesandkits.com,,NOTHING_FOUND,
pogoplug.com,,NOTHING_FOUND,
globalspec.com,,NOTHING_FOUND,
buydomains.com,,NOTHING_FOUND,
technewsworld.com,,NOTHING_FOUND,
ezetop.com,,NOTHING_FOUND,
pcnametag.com,,NOTHING_FOUND,
arubanetworks.com,,NOTHING_FOUND,
bevomedia.com,,NOTHING_FOUND,
shoretel.com,,NOTHING_FOUND,
pages05.net,,NOTHING_FOUND,
xfinity.com,,NOTHING_FOUND,
net10.com,,NOTHING_FOUND,
resellerclub.com,,NOTHING_FOUND,
411.com,,NOTHING_FOUND,
alexa.com,,NOTHING_FOUND,
swappa.com,,NOTHING_FOUND,
hughes.com,,NOTHING_FOUND,
tributes.com,,NOTHING_FOUND,
netfirms.com,,NOTHING_FOUND,
producteev.com,,NOTHING_FOUND,
interserver.net,,NOTHING_FOUND,
ixiacom.com,,NOTHING_FOUND,
adsage.com,,NOTHING_FOUND,
lightreading.com,,NOTHING_FOUND,
asmallorange.com,,NOTHING_FOUND,
aheadworks.com,,NOTHING_FOUND,
jangomail.com,,NOTHING_FOUND,
serverpronto.com,,NOTHING_FOUND,
mayo.edu,,NOTHING_FOUND,
leaguelineup.com,,NOTHING_FOUND,
tmcnet.com,,NOTHING_FOUND,
marcaria.com,,NOTHING_FOUND,
tinydeal.com,,NOTHING_FOUND,
nextjobathome.com,,NOTHING_FOUND,
ojooo.com,,NOTHING_FOUND,
zain.com,,NOTHING_FOUND,
mindspring.com,,NOTHING_FOUND,
dishtv.com,,NOTHING_FOUND,
codetwo.com,,NOTHING_FOUND,
appspot.com,,NOTHING_FOUND,
voipreview.org,,NOTHING_FOUND,
whatismyipaddress.com,,NOTHING_FOUND,
eukhost.com,,NOTHING_FOUND,
5linx.com,,NOTHING_FOUND,
socialblade.com,,NOTHING_FOUND,
truconnect.com,,NOTHING_FOUND,
pasternack.com,,NOTHING_FOUND,
doteasy.com,,NOTHING_FOUND,
vresp.com,,NOTHING_FOUND,
emailfinder.com,,NOTHING_FOUND,
sina.com,,NOTHING_FOUND,
maxmind.com,,NOTHING_FOUND,
5linx.net,,NOTHING_FOUND,
tiptopwebsite.com,,NOTHING_FOUND,
cmo.com,,NOTHING_FOUND,
thesslstore.com,,NOTHING_FOUND,
voicestar.com,,NOTHING_FOUND,
searchmarketingexpo.com,,NOTHING_FOUND,
assurancewireless.com,,NOTHING_FOUND,
cordlessworkz.com,,NOTHING_FOUND,
boxwave.com,,NOTHING_FOUND,
prv.pl,,NOTHING_FOUND,
ipevo.com,,NOTHING_FOUND,
searchbug.com,,NOTHING_FOUND,
shopclues.com,,NOTHING_FOUND,
atwebpages.com,,NOTHING_FOUND,
turnkeyinternet.net,,NOTHING_FOUND,
openxcell.com,,NOTHING_FOUND,
libero.it,,NOTHING_FOUND,
irise.com,,NOTHING_FOUND,
biglobe.ne.jp,,NOTHING_FOUND,
wayin.com,,NOTHING_FOUND,
dotster.com,,NOTHING_FOUND,
freedomsoft.com,,NOTHING_FOUND,
leadbolt.com,,NOTHING_FOUND,
brainhost.com,,NOTHING_FOUND,
highervisibility.com,,NOTHING_FOUND,
keku.com,,NOTHING_FOUND,
wirelesszone.com,,NOTHING_FOUND,
000webhost.com,,NOTHING_FOUND,
hostpapa.com,,NOTHING_FOUND,
kozzi.com,,NOTHING_FOUND,
cyberchimps.com,,NOTHING_FOUND,
dyndns.org,,NOTHING_FOUND,
gototraining.com,,NOTHING_FOUND,
northstate.net,,NOTHING_FOUND,
wordtracker.com,,NOTHING_FOUND,
trafficwave.net,,NOTHING_FOUND,
allwebcodesign.com,,NOTHING_FOUND,
webspawner.com,,NOTHING_FOUND,
handhelditems.com,,NOTHING_FOUND,
x10.mx,,NOTHING_FOUND,
boostability.com,,NOTHING_FOUND,
onesimcard.com,,NOTHING_FOUND,
tigo.com.gt,,NOTHING_FOUND,
bicsi.org,,NOTHING_FOUND,
motorola.com,,NOTHING_FOUND,
rakuten.co.jp,,FAILURE,
sorensonvrs.com,,FAILURE,
